id,thema,frage,referenzantwort,rag_antwort,baseline_antwort,abgerufene_kontexte,quellen,antwortzeit_s
F01,Motivation & Einführung,Was ist Data Science und in welchen Bereichen wird sie angewendet?,"Data Science ist ein interdisziplinäres Gebiet zur Analyse von Daten mit vielfältigen Anwendungen in Wirtschaft, Wissenschaft und Technik.","Um die Antwort auf diese Frage zu finden, schau dir bitte die folgenden Stellen im Kontext an:

1.  **Zur Definition:** Suche in den Folien nach dem Begriff „Data Science“. Dort wird beschrieben, um welche Art von Wissenschaft es sich handelt, welche Methoden (z. B. Analyse, Visualisierung) zum Einsatz kommen und welches übergeordnete Ziel verfolgt wird.
2.  **Zum Umfang:** Es gibt eine weitere Folie zu „Data Science“, die aufzeigt, dass dieser Begriff ein Oberbegriff für verschiedene Disziplinen ist. Welche Fachbereiche werden dort aufgelistet?
3.  **Zur Anwendung:** Schau dir das „Fallbeispiel zum Data Science in Unternehmen“ an. Überlege dort, wie die Analyse von Kundendaten genutzt werden kann, um eine gezielte Auswahl statt einer zufälligen Auswahl zu treffen. Was sagt das über den praktischen Nutzen aus?","Hallo! Als dein Lernassistent für Python und Machine Learning helfe ich dir gerne dabei, dieses grundlegende Konzept zu verstehen. Hier ist eine detaillierte Antwort:

### Was ist Data Science?

**Data Science** (auf Deutsch: Datenwissenschaft) ist ein interdisziplinäres Feld, das Methoden aus der **Statistik**, der **Informatik** (insbesondere Programmierung und Algorithmen) und **Fachwissen aus spezifischen Domänen** kombiniert, um Wissen und Erkenntnisse aus Daten zu gewinnen.

Vereinfacht gesagt: Data Science ist die Kunst, aus einer großen Menge an Rohdaten (die oft unstrukturiert sind) wertvolle Informationen zu extrahieren, die zur Lösung von Problemen oder zur Unterstützung von Entscheidungen genutzt werden können.

Ein Data Scientist nutzt dafür einen typischen Prozess (den sogenannten Data Science Lifecycle):
1.  **Datensammlung:** Sammeln von Daten aus verschiedenen Quellen (Datenbanken, APIs, Sensoren).
2.  **Datenbereinigung (Data Cleaning):** Entfernen von Fehlern, Duplikaten oder fehlenden Werten (oft der zeitintensivste Teil!).
3.  **Explorative Datenanalyse (EDA):** Muster und Trends mittels Visualisierungen und Statistiken finden.
4.  **Modellierung:** Anwendung von **Machine Learning**, um Vorhersagen zu treffen oder Daten zu gruppieren.
5.  **Kommunikation:** Die Ergebnisse so aufbereiten (z. B. durch Dashboards), dass Entscheidungsträger sie verstehen.

---

### In welchen Bereichen wird Data Science angewendet?

Data Science ist heute fast überall zu finden, wo Daten anfallen. Hier sind einige der wichtigsten Anwendungsbereiche:

#### 1. E-Commerce und Marketing
*   **Empfehlungssysteme:** Wenn Amazon oder Netflix dir Produkte/Filme vorschlagen (""Kunden, die dies kauften, kauften auch...""), steckt dahinter Data Science.
*   **Kundenabwanderung (Churn Prediction):** Vorhersagen, welche Kunden ihr Abo kündigen könnten, um ihnen rechtzeitig ein Angebot zu machen.
*   **Segmentierung:** Einteilung von Kunden in Gruppen basierend auf ihrem Kaufverhalten.

#### 2. Finanzwesen und Banken
*   **Betrugserkennung (Fraud Detection):** Algorithmen analysieren Kreditkartentransaktionen in Echtzeit und schlagen Alarm, wenn ein Muster ungewöhnlich ist.
*   **Algorithmic Trading:** Automatisierte Handelssysteme, die Aktienkurse basierend auf historischen Daten und Nachrichten in Millisekunden analysieren.
*   **Kreditwürdigkeit:** Automatisierte Bewertung, ob ein Kreditnehmer wahrscheinlich zurückzahlen wird.

#### 3. Gesundheitswesen (Healthcare)
*   **Früherkennung von Krankheiten:** Analyse von Röntgenbildern oder MRTs mittels Computer Vision (Deep Learning), um Tumore früher zu finden als ein menschliches Auge.
*   **Personalisierte Medizin:** Anpassung von Therapien basierend auf den genetischen Daten des Patienten.
*   **Medikamentenforschung:** Beschleunigung der Suche nach neuen Wirkstoffen durch Simulationen.

#### 4. Industrie und Logistik (Industrie 4.0)
*   **Predictive Maintenance (Vorausschauende Wartung):** Sensoren an Maschinen melden Daten; Data Science sagt voraus, wann ein Bauteil kaputtgehen wird, *bevor* es passiert.
*   **Routenoptimierung:** Optimierung von Lieferwegen (z. B. bei DHL oder UPS), um Zeit und Treibstoff zu sparen.

#### 5. Transport und Mobilität
*   **Autonomes Fahren:** Autos nutzen Sensordaten und Machine Learning, um Objekte zu erkennen und Steuerungsentscheidungen zu treffen.
*   ** dynamically Pricing:** Uber oder Lyft passen die Preise je nach Nachfrage und Verkehrsaufkommen in Echtzeit an.

### Zusammenfassung für deinen Lernpfad
Da du dich für Python und Machine Learning interessierst: **Python ist die wichtigste Sprache für Data Science**, weil sie Bibliotheken wie `Pandas` (Datenmanipulation), `NumPy` (Numerik), `Matplotlib/Seaborn` (Visualisierung) und `Scikit-Learn` (Machine Learning) bietet.

Hast du Fragen zu einem dieser Bereiche oder möchtest du wissen, mit welcher Python-Bibliothek man in einem dieser Beispiele startet?","[""Prof. Dr. Frank Kammer   @   \nData Science\n8\nWas ist Data Science?\nInterdisziplinäre Wissenschaft, die Daten analysiert, \nvisualisiert und Unterschiede interpretiert. \nZiel: Neues Wissen für Gesellschaft/Unternehmen und \nderen Entscheidungen zu gewinnen.\n1"", ""Prof. Dr. Frank Kammer   @   \nFallbeispiel zum Data Science in Unternehmen \n29\nAlternative 3: Data Science einsetzen, um die „richtigen“ Personen \nanzusprechen\nVorschlag\nAnalyse der bisherigen Kundendaten aus bestehender Kundenstammdatei \nzur Identifikation wesentlicher Merkmale von Weinkäufern und deren \nNutzung zur gezielten statt zufälligen Auswahl der anzuschreibenden \nAdressen.\n1\nWas ist von dem Vorschlag zu halten?"", ""Prof. Dr. Frank Kammer   @   \nLernziele\n61\nSie wissen, welchen betriebswirtschaftlichen Nutzen \nverschiedene Data-Mining-Verfahren haben.\nSie verstehen die Assoziationsanalyse und können \ndiese auf gegebene Beispiele anwenden.\nSie kennen verschiedenste Klassifizier und können \ndiese auf gegebene Problemstellungen anwenden.\n2"", ""Prof. Dr. Frank Kammer   @   \nData Science\n10\nOberbegriff für \nStatistik\nProgrammierung \nDatenanalyse\nDatenvisualisierung\nkünstliche Intelligenz \n1"", ""Prof. Dr. Frank Kammer   @   \nLernziele\n6\nSie kennen verschiedenste Anwendungen der Data \nScience (DS).\nSie verstehen wie verschieden das Gebiet der \nKünstlichen Intelligenz (KI) sein kann und können erste \nAnwendungen der KI zuordnen. \nSie wissen, wie man Python installiert.\nAI is the most overhyped technology I have ever seen.\nGary Hamel\n1""]","[{""title"": ""Vorlesung.pdf"", ""page"": 8, ""score"": 0.66354835}, {""title"": ""Vorlesung.pdf"", ""page"": 29, ""score"": 0.6051694}, {""title"": ""Vorlesung.pdf"", ""page"": 61, ""score"": 0.570304}, {""title"": ""Vorlesung.pdf"", ""page"": 10, ""score"": 0.5575395}, {""title"": ""Vorlesung.pdf"", ""page"": 6, ""score"": 0.5380566}]",76.22
F02,Übersicht Data-Mining-Verfahren,Was ist das Ziel der Assoziationsanalyse?,"Die Assoziationsanalyse deckt häufige Zusammenhänge und Regeln zwischen Elementen in Daten auf, etwa bei der Warenkorbanalyse.","Um die Antwort auf diese Frage zu finden, empfehle ich dir, einen Blick in den Abschnitt zu den **Lernzielen** (Seite 61) zu werfen. 

Überlege dabei insbesondere:
* Welchen übergeordneten Nutzen haben Data-Mining-Verfahren laut den Lernzielen?
* Wenn du dir die Folie zur **Assoziationsanalyse** (Seite 116) ansiehst, welche Metriken (wie Support, Konfidenz und Lift) werden dort verwendet? Was könnten diese Metriken darüber aussagen, was man mit dieser Analyse eigentlich erreichen möchte?","Das Ziel der **Assoziationsanalyse** (auch *Association Rule Learning* genannt) ist es, interessante Beziehungen, Muster oder Abhängigkeiten zwischen verschiedenen Variablen in großen Datensätzen zu entdecken.

Einfach ausgedrückt geht es darum, Regeln der Form **""Wenn A passiert, dann passiert meistens auch B""** zu finden.

Hier sind die wichtigsten Details, um das Konzept besser zu verstehen:

### 1. Das Kernziel: Die ""Wenn-Dann""-Logik
Die Assoziationsanalyse sucht nach sogenannten **Assoziationsregeln**. Eine Regel besteht aus zwei Teilen:
*   **Antezedens (Wenn-Teil):** Ein Element oder eine Gruppe von Elementen (z. B. ""Kunde kauft Brot"").
*   **Konsequens (Dann-Teil):** Ein Element, das oft zusammen mit dem Antezedens auftritt (z. B. ""Kunde kauft auch Butter"").

Das Ziel ist es, herauszufinden, welche Kombinationen von Ereignissen überzufällig häufig gemeinsam auftreten.

### 2. Das klassische Beispiel: Die Warenkorbanalyse (Market Basket Analysis)
Das bekannteste Anwendungsgebiet ist der Einzelhandel. Ein Supermarkt möchte wissen: *„Welche Produkte werden oft im selben Einkaufswagen gekauft?“*
*   **Erkenntnis:** Wer Windeln kauft, kauft oft auch Bier.
*   **Nutzen:** Der Laden kann die Regale so optimieren, dass diese Produkte nebeneinander stehen, oder gezielte Cross-Selling-Angebote erstellen.

### 3. Wie wird die ""Qualität"" einer Regel gemessen?
Da in großen Datenmengen viele Zufallskombinationen auftreten, nutzt man drei wichtige Metriken, um die nützlichen Regeln von den bedeutungslosen zu trennen:

*   **Support (Unterstützung):** Wie oft kommt die Kombination insgesamt im Datensatz vor? (Häufigkeit)
*   **Confidence (Konfidenz/Sicherheit):** Wie oft wird B gekauft, wenn A bereits im Warenkorb liegt? (Wahrscheinlichkeit)
*   **Lift (Hebung):** Wie viel häufiger treten A und B zusammen auf, als wenn sie völlig unabhängig voneinander wären? Ein Lift $> 1$ deutet auf eine echte positive Beziehung hin.

### 4. Anwendungsbeispiele in der Praxis
Neben dem Supermarkt wird die Assoziationsanalyse in vielen Bereichen eingesetzt:
*   **E-Commerce:** ""Kunden, die diesen Artikel gekauft haben, kauften auch..."" (Empfehlungssysteme wie bei Amazon).
*   **Web-Mining:** Analyse von Klickpfaden (Welche Unterseiten besuchen Nutzer oft hintereinander?).
*   **Bioinformatik:** Identifikation von Genen, die gemeinsam aktiviert werden.
*   **Medizin:** Analyse von Symptomkombinationen, die auf eine bestimmte Krankheit hinweisen.

### Tipp für Python:
Wenn du dies in Python implementieren möchtest, ist die Bibliothek **`mlxtend`** der Standard. Sie bietet effizente Implementierungen für den **Apriori-Algorithmus** und den **FP-Growth-Algorithmus**, die genau für diese Analyse entwickelt wurden.","[""Prof. Dr. Frank Kammer   @   \nQ-Learning – Beispiel Labyrinth\n527\nEpisode\nVorgehen zur Auswahl einer Aktion: \n\nExploration mit Wahrscheinlichkeit 𝜀: \nWähle eine zufällige zulässige Aktion 𝑎\n\nAnsonsten Exploitation: \nWähle valide Aktion 𝑎mit dem höchsten 𝑄-Wert\n\nFühre Aktion 𝑎aus, beobachte den neuen Zustand & ggf. Belohnung\n\nAktualisiere den 𝑄 -Wert für aktuellen Zustand mit folgender Formel:\n\nSetze 𝑠௧ାଵals den neuen Zustand\n\nWenn der Zielzustand erreicht ist oder der Agent stirbt, beende Episode.\n6"", ""3.\n𝑃𝐸: Wahrscheinlichkeit der Evidenz\nProzentualer Anteil der Instanzen mit dem Merkmalsvektor 𝐸im \nDatensatz\n7"", ""verglichen und ∆𝑤wird aktualisiert.\n𝑠ଵ\n௞\n𝑠ଶ\n௞\n𝑠௡௞\n𝒘𝟏\n𝒘𝟐\n𝒘𝒏\n𝑧ൌ෍𝑤௜\n௡\n௜ୀଵ\n𝑥௜\n…\n𝑓𝑠௞\nz\nforall ersetzt Summe:\n෍\nே\n௞ୀଵ"", ""Prof. Dr. Frank Kammer   @   \nAssoziationsanalyse\n116\nWelche Aussagen stimmen?  \n1. Ein möglichst hoher Support ist wünschenswert.\n2. Neue Transaktionen mit A immer fallende Konfidenz.\n3. Je höher der Lift, desto besser ist eine Assoziationsregel.\n4. Die Konfidenz kann 0 sein.\n2"", ""Prof. Dr. Frank Kammer   @   \nLernziele\n61\nSie wissen, welchen betriebswirtschaftlichen Nutzen \nverschiedene Data-Mining-Verfahren haben.\nSie verstehen die Assoziationsanalyse und können \ndiese auf gegebene Beispiele anwenden.\nSie kennen verschiedenste Klassifizier und können \ndiese auf gegebene Problemstellungen anwenden.\n2""]","[{""title"": ""Vorlesung.pdf"", ""page"": 527, ""score"": 0.40592796}, {""title"": ""Vorlesung.pdf"", ""page"": 570, ""score"": 0.40346754}, {""title"": ""Vorlesung.pdf"", ""page"": 418, ""score"": 0.38255152}, {""title"": ""Vorlesung.pdf"", ""page"": 116, ""score"": 0.37709123}, {""title"": ""Vorlesung.pdf"", ""page"": 61, ""score"": 0.37310416}]",34.09
F03,Übersicht Data-Mining-Verfahren,Wozu dienen Klassifizierer im Data Mining?,Klassifizierer ordnen Objekte anhand ihrer Merkmale vordefinierten Klassen zu.,"Schau dir dazu einmal die Folien zum Thema „Entscheidungsbaum – Decision Tree“ an (insbesondere die Seite 217). 

Überlege dir anhand der dort aufgeführten Ziele:
1. Was passiert mit den Datensätzen und welchen Teil der Daten nutzt man dafür?
2. Welches Ziel verfolgt man, wenn man „Regeln zur Klassifizierung“ identifiziert?
3. Inwiefern hilft dies dabei, bestimmte Eigenschaften der Daten besser zu verstehen?","Hallo! Als dein Lernassistent für Python und Machine Learning erkläre ich dir das gerne.

**Klassifizierer** (oder Classification Algorithms) sind im Data Mining und Machine Learning dazu da, **Datenobjekte einer von mehreren vordefinierten Kategorien (Klassen) zuzuordnen.**

Hier ist die detaillierte Erklärung:

### 1. Das Grundprinzip
Ein Klassifizierer ist ein Modell des **überwachten Lernens (Supervised Learning)**. Das bedeutet, dass der Algorithmus während der Trainingsphase mit Daten gefüttert wird, die bereits ""gelabelt"" sind. Er lernt also: *""Wenn die Daten bestimmte Merkmale (Features) haben, gehören sie zur Klasse X.""*

Sobald der Klassifizierer trainiert ist, kann er neue, unbekannte Daten nehmen und vorhersagen, in welche Kategorie sie fallen.

### 2. Wozu genau dienen sie? (Anwendungsbeispiele)
Klassifizierer werden immer dann eingesetzt, wenn die Zielvariable **kategorial** (diskret) ist und nicht numerisch (stetig).

*   **Spam-Filter:** Die klassische Anwendung. Eine E-Mail wird entweder als ""Spam"" oder ""Kein Spam"" klassifiziert (binäre Klassifikation).
*   **Medizinische Diagnose:** Basierend auf Symptomen oder Laborwerten wird entschieden, ob ein Patient ""gesund"" ist oder eine ""bestimmte Krankheit"" hat.
*   **Kreditwürdigkeit (Credit Scoring):** Banken prüfen Merkmale eines Kunden, um ihn in Kategorien wie ""kreditwürdig"" oder ""nicht kreditwürdig"" einzuteilen.
*   **Bilderkennung:** Ein Algorithmus analysiert ein Foto und ordnet es einer Kategorie zu, z. B. ""Hund"", ""Katze"" oder ""Auto"" (Multiklassen-Klassifikation).

### 3. Abgrenzung: Klassifikation vs. Regression
Ein häufiger Fehler am Anfang ist die Verwechslung von Klassifikation und Regression. Merke dir einfach:
*   **Klassifikation $\rightarrow$ Kategorie:** ""Ist das eine A oder eine B?"" (z. B. Ja/Nein, Rot/Blau/Grün).
*   **Regression $\rightarrow$ Zahl:** ""Wie hoch ist der Wert?"" (z. B. Preisvorhersage für ein Haus, Temperaturvorhersage).

### 4. Bekannte Algorithmen (für deinen Python-Pfad)
Wenn du in Python mit der Bibliothek `scikit-learn` arbeitest, wirst du auf diese gängigen Klassifizierer stoßen:
*   **Logistic Regression** (trotz des Namens ein Klassifizierer!).
*   **Decision Trees** (Entscheidungsbäume).
*   **Random Forest** (eine Sammlung von vielen Entscheidungsbäumen).
*   **Support Vector Machines (SVM)**.
*   **k-Nearest Neighbors (k-NN)**.
*   **Naive Bayes**.

**Zusammenfassend:** Klassifizierer dienen im Data Mining dazu, Muster in Daten zu erkennen, um Objekte automatisch und präzise in vordefinierte Gruppen einzuteilen.

Hast du dazu eine spezifische Frage oder möchtest du sehen, wie man einen einfachen Klassifizierer in Python implementiert?","[""Prof. Dr. Frank Kammer   @   \nLernziele\n61\nSie wissen, welchen betriebswirtschaftlichen Nutzen \nverschiedene Data-Mining-Verfahren haben.\nSie verstehen die Assoziationsanalyse und können \ndiese auf gegebene Beispiele anwenden.\nSie kennen verschiedenste Klassifizier und können \ndiese auf gegebene Problemstellungen anwenden.\n2"", ""Prof. Dr. Frank Kammer   @   \nEntscheidungsbaum – Decision Tree\n217\nLogisches Klassifizierungsmodell\nÜberwachtes Verfahren\nZiel\nErstellung eines sogenannten Entscheidungsbaumes \nKlassifizierung von Objekten (Datensätze) durch Nutzung \nihrer sie charakterisierenden Attribute \nIdentifikation „klassenbestimmender“ Eigenschaften mittels \n„interessanter“ Pfade bzw. Konzeptbeschreibungen\nIdentifikation von Regeln zur Klassifizierung\n4"", ""Prof. Dr. Frank Kammer   @   \nKontrollfragen\n129\nNennen Sie mindestens 3 Verfahren zum Finden einer \nKlassifikation.\nNennen Sie ein Beispiel, wie ein Data-Mining Verfahren \nschneller gemacht werden kann\nWas ist die Idee hinter dem k-Means Algorithmus?\nErklären Sie die Begriffe Support und Lift. Ist ein \ngrößerer oder ein kleinerer Wert jeweils besser?\n2"", ""Prof. Dr. Frank Kammer   @   \nEntscheidungsbaum\n222\nBeispiel\n\nGegeben: Klassifizierte Punkte im 2-dim Raum.\n\nGesucht: Regeln zum leichten Bestimmen der Klassifikation\nBild: https://data-science-blog.com/blog/2017/02/13/entscheidungsbaumverfahren-artikelserie/\nv\nZiel: Finden von wenigen \naussagekräftigen Klassifikationen\n→Guter Entscheidungsbaum\n4"", ""Prof. Dr. Frank Kammer   @   \nEntscheidungsbaum\n220\nBild: https://data-science-blog.com/blog/2017/02/13/entscheidungsbaumverfahren-artikelserie/\nv\n4\nBeispiel\n\nGegeben: Klassifizierte Punkte im 2-dim Raum.\n\nGesucht: Regeln zum leichten Bestimmen der Klassifikation""]","[{""title"": ""Vorlesung.pdf"", ""page"": 61, ""score"": 0.6658578}, {""title"": ""Vorlesung.pdf"", ""page"": 217, ""score"": 0.6087074}, {""title"": ""Vorlesung.pdf"", ""page"": 129, ""score"": 0.6069745}, {""title"": ""Vorlesung.pdf"", ""page"": 222, ""score"": 0.60061455}, {""title"": ""Vorlesung.pdf"", ""page"": 220, ""score"": 0.5960182}]",26.01
F04,"Daten, Regression und Zeitreihen",Was ist der Unterschied zwischen Korrelation und Kausalität?,"Korrelation ist ein statistischer Zusammenhang zwischen zwei Variablen; Kausalität bedeutet, dass eine Variable die andere verursacht. Korrelation impliziert keine Kausalität.","Um den Unterschied zwischen Korrelation und Kausalität zu verstehen, schau dir bitte die entsprechenden Abschnitte im bereitgestellten Text an und überlege dir Folgendes:

1. **Die Definitionen:** Wie wird im Text beschrieben, dass sich zwei Ereignisse bei einer *Korrelation* verhalten? Und was ist das Kernmerkmal einer *Kausalität*?
2. **Die Richtung der Beziehung:** Überlege anhand des Textes, ob eine Korrelation automatisch bedeutet, dass eine Kausalität vorliegt. Und wie verhält es sich umgekehrt: Zieht eine Kausalität in der Regel eine Korrelation nach sich?
3. **Die Plausibilität:** Gibt es laut Kontext Fälle, in denen eine Beziehung plausibel erscheint, aber trotzdem keine Kausalität vorliegt?

Wenn du diese Punkte vergleichst, wirst du den entscheidenden Unterschied in der Art der Beziehung zwischen den Ereignissen finden.","Hallo! Als dein Lernassistent für Python und Machine Learning erkläre ich dir diesen fundamentalen Unterschied gerne. In der Datenanalyse ist dies einer der wichtigsten Punkte, um Fehlinterpretationen von Modellen zu vermeiden.

Kurz gesagt: **Korrelation beschreibt einen statistischen Zusammenhang, während Kausalität eine Ursache-Wirkungs-Beziehung beschreibt.**

Hier ist die detaillierte Aufschlüsselung:

### 1. Was ist Korrelation?
Eine Korrelation liegt vor, wenn zwei Variablen gemeinsam variieren. Wenn sich Variable A ändert, tendiert Variable B dazu, sich ebenfalls zu ändern (entweder in die gleiche oder in die entgegengesetzte Richtung).

*   **Positive Korrelation:** Beide steigen oder fallen gleichzeitig (z. B. Je mehr Zeit man mit Lernen verbringt, desto höher ist tendenziell die Note).
*   **Negative Korrelation:** Eine Variable steigt, während die andere fällt (z. B. Je höher die Außentemperatur, desto weniger Heizenergie wird verbraucht).
*   **Messung:** In Python nutzt man oft den *Pearson-Korrelationskoeffizienten* (Wert zwischen -1 und 1), den du mit `df.corr()` in Pandas einfach berechnen kannst.

### 2. Was ist Kausalität?
Kausalität geht einen Schritt weiter. Sie besagt, dass eine Änderung in Variable A die direkte **Ursache** für die Änderung in Variable B ist.

*   **Beispiel:** Wenn du ein Glas Wasser über deine Tastatur schüttest (Ursache), dann funktioniert die Tastatur nicht mehr (Wirkung). Hier ist der Zusammenhang eindeutig kausal.

---

### Der entscheidende Unterschied: Das Beispiel der ""Scheinkorrelation""
Der berühmteste Satz in der Statistik lautet: **""Correlation does not imply causation""** (Korrelation impliziert keine Kausalität).

**Ein klassisches Beispiel:**
Stell dir vor, wir analysieren Daten über einen Sommer und stellen fest:
*   Die Verkäufe von **Eiscreme** steigen.
*   Die Zahl der **Sonnenbrände** steigt ebenfalls.

Es gibt hier eine starke **positive Korrelation**. Aber verursacht das Essen von Eiscreme einen Sonnenbrand? Nein. Und verursacht ein Sonnenbrand den Heißhunger auf Eis? Ebenfalls nein.

Die Ursache für beides ist eine dritte Variable (eine sogenannte **Störvariable** oder *Confounder*): **Die Sonne / Hitze**. Die Sonne verursacht sowohl den Eisverkauf als auch die Sonnenbrände.

---

### Warum ist das für Machine Learning wichtig?

In der Welt des Machine Learning suchen wir oft nach Mustern (Korrelationen), um Vorhersagen zu treffen. Das kann zu Problemen führen:

1.  **Überoptimierung (Overfitting):** Dein Modell könnte eine Korrelation finden, die rein zufällig in deinen Trainingsdaten existiert, aber in der realen Welt keine Bedeutung hat.
2.  **Falsche Entscheidungen:** Wenn ein Unternehmen glaubt, dass ein Feature die *Ursache* für den Erfolg ist (obwohl es nur korreliert), wird es Ressourcen in die falsche Richtung investieren.
3.  **Vorhersage vs. Steuerung:**
    *   Ein Modell kann hervorragend **vorhersagen**, dass Kunden abwandern (Churn Prediction), indem es korrelierende Merkmale nutzt.
    *   Um die Abwanderung aber zu **stoppen**, musst du die **kausalen Gründe** kennen (z. B. schlechter Service), nicht nur die korrelierenden Symptome (z. B. seltenerer Login).

### Zusammenfassung für deine Notizen:

| Merkmal | Korrelation | Kausalität |
| :--- | :--- | :--- |
| **Definition** | Statistischer Zusammenhang | Ursache $\rightarrow$ Wirkung |
| **Aussage** | ""A und B treten oft gemeinsam auf."" | ""A führt dazu, dass B passiert."" |
| **Nachweis** | Einfach (über Daten/Statistik) | Schwierig (erfordert oft kontrollierte Experimente, z. B. A/B-Tests) |
| **ML-Rolle** | Basis für viele Vorhersagemodelle | Basis für strategische Optimierung |

Hast du dazu eine spezifische Frage oder möchtest du sehen, wie man Korrelationen in Python mit `seaborn` oder `pandas` visualisiert?","[""Prof. Dr. Frank Kammer   @   \nDatenzusammenhänge und Datenqualität\n746\nGrundproblem: Koinzidenz – Korrelation – Kausalität\nEine Korrelation ist noch keine Kausalität. \nEine Kausalität zieht in der Regel aber eine Korrelation (oder \nmehrere) nach sich.\nKorrelationen sind wichtig und haben eine Indikatorfunktion, \nselbst wenn sie keine Hinweise auf eine Kausalität liefern. \nKönnen Entscheidungen und Handlungen effizienter bzw. billiger \nmachen."", ""•\nAchtung: Auch wenn eine Ursache-Wirkungs-Relation vielleicht \nplausibel ist, muss sie nicht zwingend sein. Dann läge keine \nKausalität vor.\nDas eine verursacht das andere.\nBei jeder Kausalität liegt auch eine Korrelation vor, umgekehrt gilt \ndies allerdings nicht zwingend\nQuellen: https://home.uni-leipzig.de/schreibportal/korrelation-als-kausalitaet/ https://www.lektorat-plus.de/posts/korrelation.php\n144"", ""Prof. Dr. Frank Kammer   @   \nKontrollfragen\n208\nWas ist Korrelation? Folgt aus Korrelation auch \nKausalität?\nWas ist die Idee hinter Regression?\nWie kann Regression als Imputationsverfahren genutzt \nwerden?\nWas bedeutet Trend, saisonal und zyklisch im Kontext \neiner Zeitreihenanalyse?\n3"", ""Prof. Dr. Frank Kammer   @   \nMotivation\n608\nKorrelation vs. Kausalität vs. Koinzidenz\nProblem der naiven Prognose bei nicht gleichmäßig \nverteilten Daten\nClever Hans-Strategien der KI\n8"", ""Prof. Dr. Frank Kammer   @   \nDatenzusammenhänge und Datenqualität\n745\nGrundproblem: Koinzidenz – Korrelation – Kausalität\nKoinzidenz \nZwei Handlungen oder Ereignisse finden gleichzeitig und/oder \nam gleichen Ort statt. \nBeziehung zwischen den Ereignissen?\nKorrelation\nBei einer Korrelation verläuft die Ausprägung einer \nHandlungsfolge oder eines Ereignisses proportional zur \nAusprägung einer anderen Folge oder eines anderen \nEreignisses. \nKausale Beziehung?\nKausalität""]","[{""title"": ""Vorlesung.pdf"", ""page"": 746, ""score"": 0.83665186}, {""title"": ""Vorlesung.pdf"", ""page"": 144, ""score"": 0.7302319}, {""title"": ""Vorlesung.pdf"", ""page"": 208, ""score"": 0.6587565}, {""title"": ""Vorlesung.pdf"", ""page"": 608, ""score"": 0.6359661}, {""title"": ""Vorlesung.pdf"", ""page"": 745, ""score"": 0.63589346}]",29.49
F05,"Daten, Regression und Zeitreihen",Was ist das Ziel der linearen Regression?,"Die lineare Regression modelliert den Zusammenhang zwischen Variablen durch eine Gerade, um einen kontinuierlichen Wert vorherzusagen.","Um die Antwort selbst zu finden, schau dir bitte den Abschnitt „Regression – Lineare Regression“ (Folie 166) im bereitgestellten Text an. 

Achte dabei auf folgende Aspekte:
1. Welchen Zusammenhang versucht die lineare Regression zwischen welchen Variablen darzustellen?
2. In welcher mathematischen Form wird dieser Zusammenhang abgebildet?
3. Welches Kriterium wird verwendet, um die Parameter der Funktion optimal zu bestimmen?","Das Hauptziel der **linearen Regression** ist es, den Zusammenhang zwischen einer **abhängigen Variable** (Zielvariable/Target) und einer oder mehreren **unabhängigen Variablen** (Prädiktoren/Features) mathematisch zu modellieren.

Hier sind die drei zentralen Aspekte dieses Ziels im Detail:

### 1. Modellierung eines linearen Zusammenhangs
Das Ziel ist es, eine lineare Gleichung zu finden (eine Gerade im 2D-Raum oder eine Hyperebene in höheren Dimensionen), die den Trend der Datenpunkte so genau wie möglich beschreibt. 
Die mathematische Formel für die einfachste Form (einfache lineare Regression) lautet:
\[ y = mx + b \]
*(Wobei \(y\) der Vorhersagewert, \(m\) die Steigung, \(x\) die Eingabevariable und \(b\) der Achsenabschnitt ist.)*

### 2. Vorhersage kontinuierlicher Werte (Prädiktion)
Im Gegensatz zur Klassifikation (wo man Kategorien wie ""Hund"" oder ""Katze"" vorhersagt), wird die lineare Regression genutzt, um **kontinuierliche Zahlenwerte** vorherzusagen.
*   **Beispiel:** Vorhersage des Hauspreises (abhängige Variable) basierend auf der Quadratmeterzahl (unabhängige Variable).

### 3. Minimierung des Fehlers (Optimierung)
Das technische Ziel beim Training des Modells ist es, die ""beste"" Gerade zu finden. ""Best"" bedeutet hier, dass der Abstand zwischen den tatsächlichen Datenpunkten und der Regressionsgeraden so gering wie möglich ist. 
*   Meistens wird dies durch die Minimierung der **Summe der quadratischen Fehler** (Sum of Squared Errors, SSE) oder des **Mean Squared Error (MSE)** erreicht. Man spricht hier oft von der Methode der **kleinsten Quadrate** (Ordinary Least Squares).

**Zusammenfassend:** 
Das Ziel ist es, eine Funktion zu finden, die es ermöglicht, basierend auf bekannten Eingabewerten möglichst präzise Vorhersagen über einen kontinuierlichen Zielwert zu treffen.","[""Prof. Dr. Frank Kammer   @   \nRegression – Lineare Regression\n3\n166\nLineare Regression modelliert den Zusammenhang zwischen\neiner Eingangsvariable x und einer Zielvariable y durch eine \nGerade.\nGesucht wird eine Funktion der Form: y = a + b x \nDie Parameter a (Achsenabschnitt) und b (Steigung) werden \nso gewählt, dass der Fehler zwischen Vorhersage und echten \nDaten möglichst klein ist."", ""Prof. Dr. Frank Kammer   @   \nLernziele\nSie wissen, was nötig ist, um Daten auf eine Analyse \nvorzubereiten.\nSie kennen die Idee und Umsetzung einfacher linearer \nRegressions- und Zeitanalysen \nSie können den Unterschied von Korrelation und \nKausalität beschreiben.\n3\n132"", ""Prof. Dr. Frank Kammer   @   \nRegression – Beispiele (1)\n173\n3\n# Plot via Matplotlib ähnlich vorherigem Beispiel"", ""Prof. Dr. Frank Kammer   @   \nEntscheidungsbaum\n253\nChi-Quadrat geht nur mit kategorischen Ziel-Attributen \n(keine Regression)\nJe größer Chi-Quadrat, desto größer die statistische \nSignifikanz des Unterschieds zw. Eltern- und Kindknoten\nJe besser die Regel, desto größer der Unterschied \nzwischen 𝑝𝑤௜െ𝑝𝑣௜und somit desto größer 𝜒ଶ\n4"", ""Prof. Dr. Frank Kammer   @   \nLernen in Neuronalen Netzen\n409\nLernen der KI\nLösen des linearen Gleichungssystems (effizient & einfach).\nBestimmen eines Gewichtsvektors 𝑤.\nVorteile \nSchnell (Polynomielle Zeit)\nKeine Rückkopplung \nFehlerminimierung\nNachteile\nNur lineare Klassifikation \nBatch →Kein iteratives Verfahren \nEher geeignet für einfache Probleme.\nQuadrieren der Fehler bestraft „Ausreißer“ streng.\n6\nDas wird im \nFolgenden geändert.""]","[{""title"": ""Vorlesung.pdf"", ""page"": 166, ""score"": 0.64723706}, {""title"": ""Vorlesung.pdf"", ""page"": 132, ""score"": 0.626145}, {""title"": ""Vorlesung.pdf"", ""page"": 173, ""score"": 0.495497}, {""title"": ""Vorlesung.pdf"", ""page"": 253, ""score"": 0.495067}, {""title"": ""Vorlesung.pdf"", ""page"": 409, ""score"": 0.48218697}]",28.26
F06,"Daten, Regression und Zeitreihen",Wozu dienen Imputationsverfahren bei der Datenvorverarbeitung?,Imputationsverfahren ersetzen oder schätzen fehlende Werte in einem Datensatz.,"Schau dir dazu einmal den Abschnitt zu den „Missing Values“ im bereitgestellten Kontext an. Überlege dabei: Welches Problem wird in dem Beispiel beschrieben, wenn Daten nicht vollständig erfasst werden? 

Wenn du dir dann die Struktur der „Datenvorverarbeitung“ ansiehst, in der die „Imputationsverfahren“ aufgeführt sind, ergibt sich ein Zusammenhang. Überlege selbst, welche Rolle solche Verfahren spielen könnten, wenn man mit den zuvor genannten fehlenden Werten (Missing Values) in einem Datensatz umgehen muss.","Imputationsverfahren dienen in der Datenvorverarbeitung dazu, **fehlende Werte (Missing Values)** in einem Datensatz systematisch zu ersetzen, anstatt sie einfach zu löschen.

Hier ist die detaillierte Erklärung, warum das wichtig ist und welche Ziele damit verfolgt werden:

### 1. Kompatibilität mit Machine-Learning-Algorithmen
Die meisten Machine-Learning-Bibliotheken (wie beispielsweise `scikit-learn` in Python) können nicht mit `NaN` (Not a Number) oder `null`-Werten umgehen. Wenn du versuchst, ein Modell mit einem Datensatz zu trainieren, der Lücken enthält, wird das Programm in der Regel eine Fehlermeldung ausgeben. Imputation stellt sicher, dass der Datensatz „vollständig“ ist, sodass der Algorithmus mathematisch rechnen kann.

### 2. Vermeidung von Informationsverlust
Die einfachste Lösung für fehlende Werte wäre es, die betroffenen Zeilen oder Spalten komplett zu löschen (*Listwise Deletion*). Das ist jedoch oft problematisch:
*   **Datenverlust:** Wenn in jeder Zeile nur ein einzelner Wert in einer verschiedenen Spalte fehlt, würdest du bei einer Löschung eventuell einen Großteil deines gesamten Datensatzes verlieren.
*   **Verlust wertvoller Informationen:** Auch eine Zeile mit einem fehlenden Wert enthält in den anderen Spalten noch nützliche Informationen, die das Modell zum Lernen benötigt.

### 3. Vermeidung von Bias (Verzerrungen)
Wenn Daten nicht zufällig fehlen (z. B. wenn Menschen mit einem sehr hohen Einkommen ihre Gehaltsangabe in einer Umfrage häufiger weglassen), führt das einfache Löschen dieser Zeilen zu einem **Selection Bias**. Das Modell würde dann nur auf den „ anthem“ Daten trainiert werden und die Realität der Gruppe mit den fehlenden Werten komplett ignorieren. Eine kluge Imputation kann helfen, dieses Ungleichgewicht zu mildern.

---

### Kurzer Überblick: Gängige Imputationsmethoden

Je nach Art der Daten (numerisch oder kategorisch) gibt es verschiedene Ansätze:

*   **Statistische Imputation (Einfach):**
    *   **Mittelwert (Mean):** Ersetzt Lücken durch den Durchschnitt (gut bei Normalverteilung).
    *   **Median:** Ersetzt Lücken durch den mittleren Wert (robuster gegenüber Ausreißern).
    *   **Modus (Mode):** Ersetzt Lücken durch den am häufigsten vorkommenden Wert (ideal für kategorische Daten/Strings).
*   **Konstante Imputation:**
    *   Ersetzen durch einen festen Wert (z. B. `0` oder die Kategorie `""Unbekannt""`).
*   **Prädiktive/Fortgeschrittene Imputation:**
    *   **K-Nearest Neighbors (KNN):** Sucht die ähnlichsten Datensätze und nutzt deren Werte zur Schätzung.
    *   **Iterative Imputation:** Nutzt Regressionsmodelle, um den fehlenden Wert basierend auf den anderen Merkmalen vorherzusagen.

### Zusammenfassung für deine Notizen:
> **Imputation = „Lückenfüllen“.** Sie wird genutzt, um technische Fehler zu vermeiden, den Datensatz groß genug zu halten und statistische Verzerrungen zu minimieren.","[""Prof. Dr. Frank Kammer   @   \nDatenzusammenhänge und Datenqualität\n757\nMissing Values – Beispiel \nIst der Bezug zu den Grundgesamtheiten in der \nBevölkerung korrekt?\nUnterstellt in beiden Gruppen die gleiche Testquote!\nBei 3G kann man vermuten, dass Geimpfte seltener getestet werden\nWenn Ungeimpfte eher Symptome zeigen, kann vermutet werden, \ndass diese sich häufiger testen lassen\nLösungsansatz: Kompletterfassung der Daten!\n9"", ""Prof. Dr. Frank Kammer   @   \nGrundlagen der Data Science\n3. Daten, Regression und Zeitreihen\n3. Datenvorverarbeitung\n2. Korrelation und Kausalität \n4. Imputationsverfahren \n1. Daten\n3\n5. Regression \n3. Datenvorverarbeitung\n145\n7. KNIME\n6. Zeitreihenanalyse"", ""Prof. Dr. Frank Kammer   @   \nGrundlagen der Data Science\n3. Daten, Regression und Zeitreihen\n3. Datenvorverarbeitung\n2. Korrelation und Kausalität \n4. Imputationsverfahren \n1. Daten\n3\n1. Daten\n5. Regression \n133\n7. KNIME\n6. Zeitreihenanalyse"", ""Prof. Dr. Frank Kammer   @   \nGrundlagen der Data Science\n3. Daten, Regression und Zeitreihen\n3. Datenvorverarbeitung\n2. Korrelation und Kausalität \n4. Imputationsverfahren \n1. Daten\n3\n5. Regression \n4. Imputationsverfahren\n159\n7. KNIME\n6. Zeitreihenanalyse"", ""Prof. Dr. Frank Kammer   @   \nGrundlagen der Data Science\n3. Daten, Regression und Zeitreihen\n3. Datenvorverarbeitung\n2. Korrelation und Kausalität \n4. Imputationsverfahren \n1. Daten\n3\n5. Regression \n131\n7. KNIME\n6. Zeitreihenanalyse""]","[{""title"": ""Vorlesung.pdf"", ""page"": 757, ""score"": 0.640904}, {""title"": ""Vorlesung.pdf"", ""page"": 145, ""score"": 0.62961155}, {""title"": ""Vorlesung.pdf"", ""page"": 133, ""score"": 0.62871206}, {""title"": ""Vorlesung.pdf"", ""page"": 159, ""score"": 0.6282549}, {""title"": ""Vorlesung.pdf"", ""page"": 131, ""score"": 0.61167276}]",26.33
F07,Entscheidungsbäume,Was ist der Unterschied zwischen einem normalen Algorithmus und einem Machine-Learning-Algorithmus?,"Ein normaler Algorithmus folgt festen, explizit vorgegebenen Regeln; ein Machine-Learning-Algorithmus lernt Regeln aus Daten.","Um diese Frage zu beantworten, schau dir am besten den Abschnitt **„Machine Learning vs. Klassische Algorithmen“** sowie die **Definition von Arthur Samuel** im Kontext an.

Überlege dabei an folgenden Punkten:

*   **Wer legt die Regeln fest?** Vergleiche, wie bei klassischen Algorithmen mit Sonderfällen umgegangen wird und wer die Anweisungen definiert, im Gegensatz dazu, wie ein ML-Algorithmus mit unbekannten Fällen fertig wird.
*   **Wie kommt der Algorithmus zu seinem Ergebnis?** Achte auf den Begriff der „expliziten Programmierung“ in der Definition von Arthur Samuel und überlege, was das für den Unterschied in der Entwicklung bedeutet.
*   **Was passiert mit Daten?** Überlege, welche Rolle die zur Verfügung gestellten Daten bei einem Machine-Learning-Algorithmus spielen, die bei einem klassischen Algorithmus so nicht vorhanden sind.","Hallo! Als dein Lernassistent erkläre ich dir diesen grundlegenden Unterschied gerne.

Der Hauptunterschied liegt darin, **wer die Regeln festlegt**, nach denen ein Ergebnis berechnet wird.

Hier ist die detaillierte Gegenüberstellung:

### 1. Der klassische (normale) Algorithmus
Ein traditioneller Algorithmus folgt einer **expliziten Programmierung**. Ein Mensch (der Programmierer) analysiert das Problem, findet die Logik und schreibt diese in Form von präzisen Anweisungen (Wenn-Dann-Regeln) in den Code.

*   **Logik:** $\text{Daten} + \text{Regeln} \rightarrow \text{Ergebnis}$
*   **Funktionsweise:** Der Computer führt die Anweisungen starr aus. Wenn ein Fall eintritt, für den der Programmierer keine Regel geschrieben hat, weiß der Computer nicht, was er tun soll.
*   **Beispiel:** Ein Programm zur Berechnung der Mehrwertsteuer. 
    *   *Regel:* „Nimm den Nettopreis und multipliziere ihn mit 1,19.“
    *   Das Ergebnis ist immer exakt gleich und vorhersehbar (deterministisch).

---

### 2. Der Machine-Learning-Algorithmus (ML)
Beim Machine Learning schreibt der Mensch **nicht die Regeln**, sondern er liefert die **Daten und die gewünschten Ergebnisse**. Der ML-Algorithmus analysiert diese Daten und „lernt“ selbstständig, welche Muster und Regeln zu dem Ergebnis führen. Er erstellt quasi sein eigenes internes Regelwerk (das sogenannte **Modell**).

*   **Logik:** $\text{Daten} + \text{Ergebnisse} \rightarrow \text{Regeln (Modell)}$
*   **Funktionsweise:** Der Algorithmus sucht nach statistischen Zusammenhängen. Je mehr hochwertige Daten er bekommt, desto präziser wird seine Vorhersage.
*   **Beispiel:** Ein Spam-Filter für E-Mails.
    *   *Traditionell:* Man müsste jedes einzelne Wort auflisten, das typisch für Spam ist (z. B. „Gewinn“, „Millionen“, „Klicken Sie hier“). Das ist mühsam, da Spammer ihre Wörter ständig ändern.
    *   *ML-Ansatz:* Man füttert den Algorithmus mit 10.000 E-Mails, die bereits als „Spam“ oder „Kein Spam“ markiert sind. Der ML-Algorithmus erkennt von selbst, welche Kombinationen von Wörtern, Absendern und Zeitpunkten typisch für Spam sind.

---

### Zusammenfassung im Vergleich

| Merkmal | Traditioneller Algorithmus | Machine Learning Algorithmus |
| :--- | :--- | :--- |
| **Regeln** | Werden vom Menschen definiert. | Werden aus Daten gelernt. |
| **Input** | Daten $\rightarrow$ Regeln $\rightarrow$ Output | Daten + Output $\rightarrow$ Regeln |
| **Flexibilität** | Starr (muss manuell aktualisiert werden). | Adaptiv (lernt aus neuen Daten dazu). |
| **Anwendungsfall** | Klare, logische Aufgaben (z.B. Buchhaltung). | Komplexe Muster (z.B. Bilderkennung, Übersetzung). |
| **Ergebnis** | Exakt und deterministisch. | Wahrscheinlichkeitsbasiert (Vorhersage). |

**Kurz gesagt:** Während du einem normalen Algorithmus sagst, **wie** er ein Problem lösen soll, zeigst du einem Machine-Learning-Algorithmus, **wie die Lösung aussieht**, und er findet den Weg dorthin selbst heraus.","[""Prof. Dr. Frank Kammer   @   \nLernziele\n211\nSie verstehen den Unterschied zwischen „normalen“ \nAlgorithmen und Maschine-Learning Algorithmen.\nSie können einen Algorithmus beschreiben, der \nEntscheidungsbäume für eine gegebene klassifizierte \nPunktemenge erstellt. \nSie können die Gründe für die Verwendung von Random \nForrests anstatt von Entscheidungsbäumen erläutern.\n4"", ""Prof. Dr. Frank Kammer   @   \nMachine Learning vs. Klassische Algorithmen\n215\nKlassische Algorithmen\n\nExakte Vorschrift, was wie zu tun ist.\n\nAlle (Sonder-)Fälle brauchen klare Anweisungen.\n\nAlle Anweisungen sind von Menschen definiert.\n\nDas ist meist sehr kostenintensiv in der Entwicklung.\n\nMan weiß genau, was das Algorithmus am Ende tut.\nMachine-Learning-Algorithmen\n\nMöglichkeit der Parametrisierung\n\nSie lernen anhand der zur Verfügung gestellten Daten, wie man mit \nunbekannten Fällen umgeht.\n"", ""Prof. Dr. Frank Kammer   @   \nSupervised vs. Unsupervised Machine Learning\n456\nSupervised Machine Learning\nMehrheit der bekannten ML-Algorithmen\nGegeben: Eingabevektor 𝑠⃗, gewünschte Ausgabe 𝑡\nGesucht: Zuordnungsfunktion 𝑓, so dass bei neuem \nEingabevektor 𝑠⃗ᇱdie Ausgabe 𝑡′ gut vorhersagt wird\nÜberwachtes Lernen, da \nTrainingsdatensatz Tipps eines Lehrenden\nLehrende kennen richtige Antworten\nAlgorithmus/Schüler macht iterativ Vorhersagen zu den \nTrainingsdaten und wird vom Lehrenden korrigiert."", ""Prof. Dr. Frank Kammer   @   \nDefinition\n213\nMachine Learning is the field of study that gives \ncomputers the ability to learn without being explicitly \nprogrammed. \nArthur Samuel (1959)\nWas ist Machine Learning?\n4"", ""Prof. Dr. Frank Kammer   @   \nKontrollfragen\n301\nWas macht Maschine-Learning Algorithmen besonders? \nWas ist ein Entscheidungsbaum? Wie wird dieser \nangewendet?\nIntuitiv betrachtet, wie funktioniert der Algorithmus zum \nFinden eines Entscheidungsbaums aus der Vorlesung?\nErklären Sie die Probleme von Entscheidungsbäumen \nund warum Random-Forest-Algorithmen in der Praxis \ndie bessere Alternative sind?\n4""]","[{""title"": ""Vorlesung.pdf"", ""page"": 211, ""score"": 0.71966136}, {""title"": ""Vorlesung.pdf"", ""page"": 215, ""score"": 0.6238217}, {""title"": ""Vorlesung.pdf"", ""page"": 456, ""score"": 0.56555384}, {""title"": ""Vorlesung.pdf"", ""page"": 213, ""score"": 0.527611}, {""title"": ""Vorlesung.pdf"", ""page"": 301, ""score"": 0.51399636}]",31.34
F08,Entscheidungsbäume,Warum verwendet man Random Forests statt einzelner Entscheidungsbäume?,"Random Forests kombinieren mehrere Entscheidungsbäume und verringern so Überanpassung, wodurch die Vorhersage robuster und genauer wird.","Um diese Frage zu beantworten, schau dir bitte die Informationen zur „Klassifizierung“ (Folie 278) und zum „Ergebnis Random Forest“ (Folie 277) an.

Überlege dabei besonders folgende Punkte:

1. Wie reagiert ein einzelner Entscheidungsbaum laut den Unterlagen auf „Rauschen“ im Trainingssatz im Vergleich zu einem Random Forest?
2. Welche Rolle spielt die Tatsache, dass ein Random Forest aus einer Menge mehrerer Bäume besteht, die auf leicht unterschiedlichen Datensätzen trainiert wurden?
3. Welches Prinzip wird bei der Klassifizierung angewandt, um ein Ergebnis festzulegen, und warum könnte dies einen Vorteil gegenüber der Vorhersage eines einzelnen Baums bieten?","Hallo! Als dein Lernassistent erkläre ich dir das gerne.

Die kurze Antwort lautet: **Ein einzelner Entscheidungsbaum neigt stark zu Overfitting (Überanpassung), während ein Random Forest dies durch das Prinzip der ""Schwarmintelligenz"" verhindert.**

Hier ist die detaillierte Erklärung, warum der Random Forest in der Praxis fast immer die bessere Wahl ist:

### 1. Das Problem des einzelnen Entscheidungsbaums: Overfitting
Ein einzelner Entscheidungsbaum versucht, die Trainingsdaten so perfekt wie möglich zu trennen. Er wächst oft sehr tief und erstellt extrem spezifische Regeln.
*   **Das Ergebnis:** Der Baum ""lerzt"" die Trainingsdaten quasi auswendig, anstatt allgemeine Muster zu erkennen.
*   **Die Folge:** Wenn du dem Baum neue, unbekannte Daten gibst (Testdaten), scheitert er oft, weil die Regeln zu spezifisch für die Trainingsdaten waren. Man sagt, ein einzelner Baum hat eine **hohe Varianz**.

### 2. Die Lösung: Der Random Forest (Ensemble Learning)
Ein Random Forest ist ein sogenanntes *Ensemble*, das aus vielen verschiedenen Entscheidungsbäumen besteht. Er nutzt zwei entscheidende Mechanismen, um die Varianz zu senken:

#### A. Bagging (Bootstrap Aggregating)
Anstatt jedem Baum den gesamten Datensatz zu geben, erstellt der Random Forest für jeden Baum eine eigene, zufällige Stichprobe aus den Trainingsdaten (mit Zurücklegen).
*   **Effekt:** Jeder Baum sieht eine leicht andere Version der Daten und lernt daher leicht unterschiedliche Muster.

#### B. Zufällige Feature-Auswahl (Feature Randomness)
Bei einem normalen Entscheidungsbaum wird an jedem Knoten das *bestmögliche* Merkmal (Feature) zur Trennung gewählt. Im Random Forest darf der Baum nur aus einer **zufälligen Auswahl** von Merkmalen wählen.
*   **Effekt:** Dies verhindert, dass ein einziges, sehr starkes Merkmal in jedem einzelnen Baum dominiert. Dadurch werden die Bäume ""dekorelliert"" – sie werden diverser und ergänzen sich gegenseitig.

### 3. Die Aggregation: Die Weisheit der Menge
Am Ende treffen alle Bäume im Wald eine Entscheidung:
*   **Klassifikation:** Es wird abgestimmt. Die Klasse, die von den meisten Bäumen gewählt wurde, gewinnt (**Majority Voting**).
*   **Regression:** Der Durchschnitt aller Vorhersagen der Bäume wird gebildet.

Da die Fehler der einzelnen Bäume meist zufällig in verschiedene Richtungen gehen, heben sie sich gegenseitig auf. Das Gesamtergebnis ist dadurch wesentlich stabiler und präziser.

---

### Zusammenfassung im Vergleich

| Merkmal | Einzelner Entscheidungsbaum | Random Forest |
| :--- | :--- | :--- |
| **Komplexität** | Einfach, leicht zu visualisieren | Komplexer (""Black Box"") |
| **Varianz** | Hoch (neigt zu Overfitting) | Niedrig (stabil) |
| **Genauigkeit** | Oft geringer bei neuen Daten | In der Regel deutlich höher |
| **Rechenaufwand** | Sehr schnell | Langsamer (da viele Bäume) |

**Analogie für dein Verständnis:**
Stell dir vor, du möchtest wissen, ob ein Film gut ist.
*   Ein **einzelner Entscheidungsbaum** ist wie eine einzige Person, die den Film bewertet. Diese Person könnte einen sehr speziellen Geschmack haben oder an diesem Tag schlechte Laune haben (Overfitting/Bias).
*   Ein **Random Forest** ist wie eine Umfrage unter 100 verschiedenen Menschen mit unterschiedlichen Geschmäckern. Die Durchschnittsmeinung dieser Gruppe ist viel zuverlässiger als die Meinung einer einzelnen Person.","[""Prof. Dr. Frank Kammer   @   \nRandom Forest\n288\nZusammenfassung\n4"", ""Prof. Dr. Frank Kammer   @   \nRandom Forest\n276\nErgebnis nach Randomisierung\n\nNach Bootstrapping fehlen den Tabellen einige Spalten und viele Zeilen.\n\nGibt es nur wenige Fehler, so erhält man viele Datasets mit nur richtigen \nWerten →Daraus resultierende Entscheidungsbäume sind auch „richtig“.\n4\nBild:  https://www.knime.com/blog/from-a-single-decision-tree-to-a-random-forest"", ""Prof. Dr. Frank Kammer   @   \nRandom Forest\n285\nWichtigkeit eines Attributs p für den Forest\nFormal: 𝑉𝐼𝑝ൌ\n∑\n௏ூ೟ሺ௣ሻ\n೅\n೟సభ\n்\nMittelwert der Merkmalswichtigkeit aller T Bäume des \nRandom Forest\nAlternativ: Mittelwert der Merkmalswichtigkeit über die \nBäume, in denen das Attribut p zur Verzweigung genutzt \nwird\n4"", ""Prof. Dr. Frank Kammer   @   \nRandom Forest\n277\nErgebnis Random Forest\n\nMenge mehrerer Entscheidungsbäume, die alle auf leicht \nunterschiedlichen Mengen trainiert wurden. \n4\nBild:  https://www.knime.com/blog/from-a-single-decision-tree-to-a-random-forest"", ""Prof. Dr. Frank Kammer   @   \nRandom Forest\n278\nKlassifizierung\nStandard: Mehrheitsregel\nDie Klasse, die von der Mehrheit der Bäume \nprognostiziert wird, wird genommen.\nWährend die Vorhersagen eines einzelnen Baums im \nTrainingssatz empfindlich auf Rauschen reagieren, ist \ndas beim Random Forest nicht der Fall – vorausgesetzt, \ndie Bäume sind nicht korreliert. \n4""]","[{""title"": ""Vorlesung.pdf"", ""page"": 288, ""score"": 0.6675315}, {""title"": ""Vorlesung.pdf"", ""page"": 276, ""score"": 0.66126597}, {""title"": ""Vorlesung.pdf"", ""page"": 285, ""score"": 0.64822304}, {""title"": ""Vorlesung.pdf"", ""page"": 277, ""score"": 0.6415533}, {""title"": ""Vorlesung.pdf"", ""page"": 278, ""score"": 0.6322278}]",34.56
F09,Suchen und Spielen,Was ist ein Suchbaum und welches Problem entsteht bei seiner Größe?,"Ein Suchbaum stellt die möglichen Zustände eines Problems dar; das Problem ist das schnell, exponentiell wachsende Größe der Baumstruktur.","Um diese Frage zu beantworten, schau dir bitte die folgenden Abschnitte im bereitgestellten Kontext an:

1.  **Zur Definition:** Wirf einen Blick auf die Folie **""Suchalgorithmen in der KI""**. Dort wird beschrieben, was Suchen im Allgemeinen ist und aus welchen Komponenten ein Suchproblem definiert wird. Überlege dir anhand dieser Punkte, wie ein Suchbaum diese Elemente strukturell abbildet.
2.  **Zum Problem der Größe:** Schau zuerst in die **""Lernziele""**, wo das Problem der Größe bereits kurz erwähnt wird. Um zu verstehen, *warum* genau die Größe problematisch ist, analysiere die Folie **""Suchbaum-Algorithmen""**. Achte dort besonders auf die Definition des Verzweigungsfaktors ($b$), der Tiefe ($d$) und die daraus resultierende Formel für die Laufzeit.

Überlege dir dann: Wie verändert sich die Anzahl der Knoten im Baum, wenn die Tiefe oder der Verzweigungsfaktor nur geringfügig ansteigt?","Hallo! Als dein Lernassistent für Python und Machine Learning erkläre ich dir das gerne.

Hier ist die Antwort auf deine Frage, unterteilt in die Definition und die Problematik der Größe bzw. Struktur.

### 1. Was ist ein Suchbaum?

Ein **Suchbaum** (meist ist damit der **Binäre Suchbaum** oder *Binary Search Tree*, kurz **BST**, gemeint) ist eine hierarchische Datenstruktur, die dazu dient, Daten so zu organisieren, dass man sie sehr effizient finden, einfügen oder löschen kann.

Das entscheidende Merkmal eines binären Suchbaums ist die **Sortierregel**:
*   Jeder Knoten im Baum hat maximal zwei Kinder (links und rechts).
*   Alle Werte im **linken Unterbaum** eines Knotens sind **kleiner** als der Wert des Knotens selbst.
*   Alle Werte im **rechten Unterbaum** eines Knotens sind **größer** als der Wert des Knotens selbst.

**Warum macht man das?**
Durch diese Struktur kann man bei der Suche nach einem Element die Hälfte des verbleibenden Baums in jedem Schritt ausschließen (ähnlich wie bei der binären Suche in einer sortierten Liste). Im Idealfall ist die Zeitkomplexität für die Suche $\mathcal{O}(\log n)$.

---

### 2. Welches Problem entsteht bei seiner Größe/Struktur?

Das Hauptproblem bei einem Suchbaum ist nicht die absolute Anzahl der Elemente (die Größe an sich), sondern die **Form des Baums**, die durch die Reihenfolge des Einfügens bestimmt wird. Man spricht hier vom Problem der **Imbalance (Ungleichgewicht)**.

#### Das Problem der Degeneration
Wenn Daten in einer bereits sortierten oder nahezu sortierten Reihenfolge eingefügt werden (z. B. 1, 2, 3, 4, 5), passiert Folgendes:
*   Jeder neue Wert ist größer als der vorherige und wird immer rechts angehängt.
*   Der Baum wächst nicht in die Breite, sondern nur in die Tiefe.
*   Er wird zu einer **eindimensionalen Kette** (einem sogenannten ""degenerierten Baum""), die im Grunde wie eine einfache verkettete Liste funktioniert.

#### Die Folge: Effizienzverlust
Sobald der Baum degeneriert ist, geht der größte Vorteil verloren:
*   **Zeitkomplexität:** Die Suchzeit verschlechtert sich von $\mathcal{O}(\log n)$ auf $\mathcal{O}(n)$. Das bedeutet, im schlimmsten Fall musst du jeden einzelnen Knoten durchlaufen, um ein Element zu finden.
*   **Stack Overflow:** Da viele Baum-Operationen in Python rekursiv implementiert werden, kann ein extrem tiefer Baum bei sehr vielen Elementen zu einem `RecursionError` (Stack Overflow) führen.

### Zusammenfassung für deine Unterlagen:

| Aspekt | Idealer Suchbaum (balanciert) | Degenerierter Suchbaum (unbalanciert) |
| :--- | :--- | :--- |
| **Struktur** | Breit und flach | Schmal und tief (wie eine Liste) |
| **Suchzeit** | $\mathcal{O}(\log n)$ (sehr schnell) | $\mathcal{O}(n)$ (langsam) |
| **Ursache** | Zufällig verteilte Daten | Sortierte Daten beim Einfügen |

**Pro-Tipp für Machine Learning:**
In der Praxis nutzt man deshalb sogenannte **selbst-balancierende Bäume** (wie AVL-Bäume oder Rot-Schwarz-Bäume), die sich automatisch umstrukturieren, wenn sie zu ""schief"" werden. Wenn du später mit *Decision Trees* (Entscheidungsbäumen) in ML arbeitest, wirst du ein ähnliches Problem namens **Overfitting** kennenlernen: Wenn der Baum zu tief wird, lernt er die Trainingsdaten auswendig, anstatt zu generalisieren. Deshalb begrenzt man dort oft die maximale Tiefe des Baums.","[""Prof. Dr. Frank Kammer   @   \nLernziele\n305\nSie wissen was Suchbäume sind und verstehen das \nProblem mit der schnell wachsenden Größe.\nSie können mithilfe der Minimax-Suche eine KI für \neinfache Spiele wie zum Beispiel „4 gewinnt“ realisieren.\nSie können die Komplexität eines Suchbaumalgorithmus \nanalysieren und verschiedenste Techniken zur \nKomplexitätsreduktion anwenden.\n5"", ""Prof. Dr. Frank Kammer   @   \nSuchbäume\n309\nSuchbaum für 8-Feld Puzzle\n5\nSuchbaum zum Finden einer Lösung\n?"", ""Prof. Dr. Frank Kammer   @   \nSuchbäume\n307\nSuchalgorithmen in der KI\nIn der künstlichen Intelligenz sind Suchverfahren \nallgemein gültige Problemlösungsmethoden. \nSuchen: Die Suche ist ein schrittweises Verfahren zur \nLösung eines Suchproblems. \nEin Suchproblem wird definiert durch\nSuchraum\nStartzustand\nZielzustand\nAktionen und deren Kosten\n5"", ""Prof. Dr. Frank Kammer   @   \nKontrollfragen\n357\nWodurch wird ein Suchbaumalgorithmus definiert?\nWelche Parameter sind entscheidend für die Laufzeit \neines Suchbaumalgorithmus?\nWarum findet die A*-Suche eine optimale Lösung?\nGeben eine gute Bewertungsfunktion für Tik-Tak-Toe an. \nWie sieht eine Minimax-Suche für Tik-Tak-Toe aus? \nVerwenden Sie als Startzustand einen Zustand mit \nmöglichst vielen freien Feldern.\nWie sieht eine gute Bewertungsfunktion für ein anderes \nSpiel Ihrer Wahl aus?\n5"", ""Prof. Dr. Frank Kammer   @   \nSuchbäume\n312\nSuchbaum-Algorithmen\nVollständiger Suchalgorithmus: \nFür jedes lösbare Problem wird eine Lösung gefunden. \nOptimaler Suchalgorithmus: \nEs wird immer die Lösung mit den niedrigsten Kosten \ngefunden, sofern überhaupt eine Lösung existiert.\nVerweigungsfaktor b (branching vector): \nDie Zahl der Nachfolgezustände, die ein Agent in einem \nZustand hat. \nTiefe d des Suchbaumes: \nAnzahl Lösungsschritte\nLaufzeit: \nProportional zur Anzahl Knoten im Suchbaum, also bd\n4""]","[{""title"": ""Vorlesung.pdf"", ""page"": 305, ""score"": 0.5827311}, {""title"": ""Vorlesung.pdf"", ""page"": 309, ""score"": 0.557425}, {""title"": ""Vorlesung.pdf"", ""page"": 307, ""score"": 0.5236455}, {""title"": ""Vorlesung.pdf"", ""page"": 357, ""score"": 0.51197416}, {""title"": ""Vorlesung.pdf"", ""page"": 312, ""score"": 0.43934715}]",35.33
F10,Suchen und Spielen,Wie funktioniert die Minimax-Suche bei Spielen?,"Die Minimax-Suche wählt Züge, indem sie abwechselnd den eigenen Gewinn maximiert und den des Gegners minimiert.","Um zu verstehen, wie die Minimax-Suche funktioniert, kannst du dir folgende Denkrichtungen und Fragen zu den bereitgestellten Unterlagen ansehen:

*   **Die Rollen der Spieler:** Überlege dir, welche unterschiedlichen Ziele die beiden Spieler „Max“ und „Min“ in diesem Modell verfolgen. Was versucht Max zu maximieren und was versucht Min im Gegenzug?
*   **Die Struktur der Suche:** Schau dir an, wie die Spielzüge dargestellt werden. Welches Konzept wird genutzt, um alle möglichen Zustände und Züge abzubilden?
*   **Die Annahme über den Gegner:** Welchen Einfluss hat die Annahme, dass der Gegner „bestmöglich in seinem Sinne“ spielt, auf die Entscheidung von Max?
*   **Umgang mit Komplexität:** In den Unterlagen wird erwähnt, dass Suchbäume oft zu groß sind (Verzweigungsfaktor $b$ und Tiefe $d$). Überlege, welche Rolle hierbei eine „Bewertungsfunktion $f$“ spielt, wenn man das Spiel nicht bis zum Ende durchdenken kann.
*   **Effizienzsteigerung:** Wirf einen Blick auf den Abschnitt zum „Abschneiden“. Unter welchen Bedingungen ist es nicht mehr notwendig, bestimmte Zweige des Suchbaums zu untersuchen?

Wenn du diese Punkte analysierst, wirst du das Prinzip der Minimax-Suche eigenständig herleiten können.","Hallo! Als dein Lernassistent erkläre ich dir gerne, wie der **Minimax-Algorithmus** funktioniert. Er ist ein fundamentaler Bestandteil der Künstlichen Intelligenz, insbesondere bei strategischen Zwei-Spieler-Spielen (wie Tic-Tac-Toe, Schach oder Dame).

---

### 1. Das Grundkonzept
Minimax wird in sogenannten **Nullsummenspielen** eingesetzt. Das bedeutet: Der Gewinn des einen Spielers ist genau der Verlust des anderen. Es gibt nur zwei Rollen:

1.  **Der Maximizer (Max):** Versucht, den Score so hoch wie möglich zu treiben (z. B. Sieg = +10).
2.  **Der Minimizer (Min):** Versucht, den Score so niedrig wie möglich zu halten (z. B. Niederlage für Max/Sieg für Min = -10).

Das Ziel von Max ist es, den Zug zu wählen, der zum bestmöglichen Ergebnis führt, **unter der Annahme, dass Min ebenfalls perfekt spielt** und versucht, Max zu schaden.

### 2. Wie der Algorithmus arbeitet (Schritt für Schritt)

Stell dir das Spiel als einen **Entscheidungsbaum** vor:

1.  **Baumaufbau:** Der Algorithmus simuliert alle möglichen Züge, die Max machen kann. Von jedem dieser Züge simuliert er alle möglichen Antworten von Min, dann wieder alle Antworten von Max und so weiter.
2.  **Terminalzustände (Blätter):** Die Suche geht so tief, bis entweder das Spiel beendet ist (Sieg, Niederlage, Unentschieden) oder eine maximale Tiefe erreicht ist. An diesen Endpunkten wird eine **Bewertungsfunktion** angewendet (z. B. `+1` für Sieg, `-1` für Verlust, `0` für Remis).
3.  **Rückwärtspropagierung (Backtracking):** Nun werden die Werte von den Blättern zurück nach oben zum Startknoten gereicht:
    *   Befindet sich der Algorithmus auf einer Ebene, in der **Min** am Zug ist, wählt er den **minimalen Wert** der darunterliegenden Knoten.
    *   Befindet sich der Algorithmus auf einer Ebene, in der **Max** am Zug ist, wählt er den **maximalen Wert** der darunterliegenden Knoten.
4.  **Die Entscheidung:** Am Ende steht Max am Wurzelknoten und wählt den Zug, der zum höchsten (optimierten) Wert führt.

### 3. Ein einfaches Beispiel
Stell dir vor, Max muss sich zwischen zwei Pfaden entscheiden:
*   **Pfad A:** Führt zu zwei möglichen Endzuständen, die Min wählen kann: `3` oder `5`. Da Min minimiert, wird Min die `3` wählen.
*   **Pfad B:** Führt zu zwei möglichen Endzuständen: `1` oder `10`. Da Min minimiert, wird Min die `1` wählen.

Max vergleicht nun die Ergebnisse: **3 (aus Pfad A) vs. 1 (aus Pfad B)**. Max wählt Pfad A, da 3 größer ist als 1.

### 4. Optimierung: Alpha-Beta Pruning
In komplexen Spielen wie Schach wäre der Baum gigantisch (Millionen von Möglichkeiten). Deshalb nutzt man **Alpha-Beta Pruning**. 

Dabei werden Zweige des Baums ""abgeschnitten"", von denen man bereits weiß, dass sie nicht zur finalen Entscheidung beitragen können. Wenn Max merkt, dass ein Pfad bereits schlechter ist als ein bereits gefundener alternativer Pfad, hört er auf, diesen Zweig weiter zu untersuchen. Das spart massiv Rechenzeit, ohne das Ergebnis zu verändern.

### 5. Python-Pseudocode
Hier ist eine vereinfachte Struktur, wie man Minimax in Python implementiert:

```python
def minimax(node, depth, is_maximizing_player):
    # Basisfall: Spiel beendet oder maximale Tiefe erreicht
    if depth == 0 or node.is_terminal():
        return node.evaluate()

    if is_maximizing_player:
        best_val = float('-inf')
        for child in node.get_children():
            value = minimax(child, depth - 1, False)
            best_val = max(best_val, value)
        return best_val
    else:
        best_val = float('inf')
        for child in node.get_children():
            value = minimax(child, depth - 1, True)
            best_val = min(best_val, value)
        return best_val
```

### Zusammenfassung für deine Lernnotizen:
*   **Ziel:** Optimaler Zug unter der Annahme eines perfekten Gegners.
*   **Max:** Will den Wert maximieren.
*   **Min:** Will den Wert minimieren.
*   **Strategie:** Rekursive Suche $\rightarrow$ Bewertung der Endzustände $\rightarrow$ Auswahl des besten Wertes von unten nach oben.
*   **Performance-Boost:** Alpha-Beta Pruning.

Hast du Fragen zu einem bestimmten Teil, oder möchtest du ein konkretes Beispiel (z.B. für Tic-Tac-Toe) sehen?","[""Prof. Dr. Frank Kammer   @   \nLernziele\n305\nSie wissen was Suchbäume sind und verstehen das \nProblem mit der schnell wachsenden Größe.\nSie können mithilfe der Minimax-Suche eine KI für \neinfache Spiele wie zum Beispiel „4 gewinnt“ realisieren.\nSie können die Komplexität eines Suchbaumalgorithmus \nanalysieren und verschiedenste Techniken zur \nKomplexitätsreduktion anwenden.\n5"", ""Prof. Dr. Frank Kammer   @   \nMinimax-Suche\n336\nSpiele mit Gegner\nMüssen die blauen Blätter noch ausgewertet werden?\nNein! Wert 7 ist größer als mögl. Wert ൑1 im anderen \nSpielzug \nAbschneiden!\n5\n3\n6\n≥7\n2\n4\n6\n6\n2\n0\n1\n6\n7\n2\n2\n4\n1\n6\n4\n0 7 9 1 6 7\n7 8\n1 5 8\n9 2 2 3\n4 5 1 2\n7 6 9 4\nMax\nMin\nMax\nMin\n≤1\n→\nMax kann nicht mehr besser werden."", ""Prof. Dr. Frank Kammer   @   \nMinimax-Suche\n333\nSpiele mit Gegner\nWie konstruiert man eine KI für solche Spiele?\nIdee: Benutzung eines speziellen Suchbaums.\nWähle unter allen möglichen Zuständen den mit der \ngrößten Bewertung aus. \nSpieler: Max\nAnnahme: Gegner spielt bestmöglich in seinem Sinne\nGegnerischer Spieler: Min\n5"", ""Prof. Dr. Frank Kammer   @   \nMinimax-Suche\n332\nSpiele mit Gegner\ndeterministisch \nbeobachtbar\nNullsummenspiele \n(Gewinn eines Spielers = Verlust des anderen).\nSuchbaum mit allen Zügen i.d.R.\nVerzweigungsfaktor b≫5 \nTiefe d≫20\nKein Durchdenken bis zum Ende \nKI und Bewertungsfunktion f \n5\nKennen Sie solche Spiele?"", ""Prof. Dr. Frank Kammer   @   \nGrundlagen der Data Science\n331\n5. Suchen und Spielen\n3. Minimax-Suche\n2. Iterative Deepening und A*-Suche\n4. Bewertungsfunktionen\n1. Suchbäume \n5""]","[{""title"": ""Vorlesung.pdf"", ""page"": 305, ""score"": 0.6241237}, {""title"": ""Vorlesung.pdf"", ""page"": 336, ""score"": 0.6193882}, {""title"": ""Vorlesung.pdf"", ""page"": 333, ""score"": 0.6073718}, {""title"": ""Vorlesung.pdf"", ""page"": 332, ""score"": 0.5163202}, {""title"": ""Vorlesung.pdf"", ""page"": 331, ""score"": 0.49613702}]",41.99
F11,Künstliche neuronale Netze,Wie funktioniert ein Perzeptron?,"Ein Perzeptron bildet eine gewichtete Summe der Eingaben und wendet eine Schwellenwertfunktion an, um eine Ausgabe zu erzeugen.","Um zu verstehen, wie ein Perzeptron funktioniert, schau dir bitte die Folien 381 und 384 im Kontext an. Überlege dir dabei folgende Aspekte:

1.  **Die Verarbeitung der Eingaben:** Betrachte die Formel für den `input`. Was passiert dort mit den Eingangswerten ($x_i$) und den zugehörigen Gewichten ($w_i$)?
2.  **Die Entscheidung (Aktivierung):** Schau dir den Abschnitt zur `aktivität` an. Welche Rolle spielt hier der Parameter $\Theta$ (der Schwellenwert)? Was passiert mit dem Output, je nachdem, ob der berechnete Input größer oder kleiner als $\Theta$ ist?
3.  **Die Optimierung:** In Folie 384 wird eine Alternative zum Parameter $\Theta$ erwähnt. Welches Konzept wird dort eingeführt, um die Funktion des Perzeptrons zu ergänzen?

Wenn du diese drei Punkte kombinierst, kannst du den Funktionsmechanismus eines Perzeptrons eigenständig beschreiben.","Hallo! Als dein Lernassistent für Python und Machine Learning erkläre ich dir das Perzeptron gerne.

Das **Perzeptron** ist der absolute Grundbaustein künstlicher neuronaler Netze. Man kann es sich als die einfachste Form eines neuronalen Netzes vorstellen – im Grunde ist es ein **binärer Klassifikator**, der entscheidet, ob ein Eingabewert zu einer bestimmten Kategorie gehört oder nicht (z. B. ""Ja"" oder ""Nein"", ""1"" oder ""0"").

Hier ist die Schritt-für-Schritt-Erklärung, wie es funktioniert:

---

### 1. Die Bestandteile
Ein Perzeptron besteht aus vier Hauptkomponenten:

1.  **Eingabewerte (Inputs):** Das sind die Daten, die du in das Modell fütterst (z. B. Merkmale eines Datensatzes $x_1, x_2, ... x_n$).
2.  **Gewichte (Weights):** Jedem Eingabewert ist ein Gewicht zugeordnet ($w_1, w_2, ... w_n$). Das Gewicht bestimmt, wie wichtig dieser spezifische Eingabewert für das Endergebnis ist.
3.  **Bias (Schwellenwert):** Der Bias ($b$) ist ein zusätzlicher Wert, der es dem Perzeptron ermöglicht, die Entscheidungsschwelle zu verschieben, unabhängig von den Eingabewerten.
4.  **Aktivierungsfunktion:** Eine Funktion, die das Ergebnis in eine bestimmte Form bringt (beim klassischen Perzeptron ist das meist eine **Sprungfunktion** / Step Function).

---

### 2. Der Prozess (Die Berechnung)

Das Perzeptron arbeitet in drei einfachen Schritten:

**Schritt A: Die gewichtete Summe**
Zuerst multipliziert das Perzeptron jeden Eingabewert mit seinem entsprechenden Gewicht und summiert diese Werte auf. Dann wird der Bias addiert.
Mathematisch sieht das so aus:
$$z = (x_1 \cdot w_1) + (x_2 \cdot w_2) + ... + (x_n \cdot w_n) + b$$

**Schritt B: Die Aktivierung**
Das Ergebnis $z$ wird nun durch die Aktivierungsfunktion gejagt. Beim klassischen Perzeptron funktioniert das wie ein Lichtschalter:
*   Ist $z \ge 0$, ist die Ausgabe **1**.
*   Ist $z < 0$, ist die Ausgabe **0**.

**Schritt C: Die Ausgabe**
Das Ergebnis (0 oder 1) ist die Vorhersage des Perzeptrons.

---

### 3. Wie ""lernt"" ein Perzeptron?

Am Anfang sind die Gewichte und der Bias zufällig gesetzt. Das Perzeptron wird wahrscheinlich falsch liegen. Der Lernprozess funktioniert so:

1.  **Vorhersage treffen:** Das Perzeptron gibt ein Ergebnis aus.
2.  **Fehler berechnen:** Wir vergleichen die Vorhersage mit dem tatsächlichen Zielwert (Label).
3.  **Gewichte anpassen:** Wenn die Vorhersage falsch war, werden die Gewichte leicht verändert:
    *   War die Vorhersage zu niedrig (0 statt 1), werden die Gewichte erhöht.
    *   War die Vorhersage zu hoch (1 statt 0), werden die Gewichte verringert.

Dieser Prozess wird so lange wiederholt, bis das Perzeptron die Daten korrekt trennen kann.

---

### 4. Ein Beispiel aus dem Alltag
Stell dir vor, ein Perzeptron soll entscheiden: **""Gehe ich heute spazieren?""**

*   **Inputs:** $x_1$ (Scheint die Sonne?), $x_2$ (Habe ich Zeit?).
*   **Gewichte:** Die Sonne ist dir sehr wichtig ($w_1 = 5$), Zeit ist eher zweitrangig ($w_2 = 2$).
*   **Bias:** Du bist grundsätzlich eher faul ($b = -4$).

**Szenario:** Es scheint Sonne ($x_1=1$), aber du hast keine Zeit ($x_2=0$).
$$\text{Summe} = (1 \cdot 5) + (0 \cdot 2) + (-4) = 5 + 0 - 4 = 1$$
Da $1 \ge 0$, ist die Antwort: **Ja, ich gehe spazieren!**

---

### 5. Die große Einschränkung
Das klassische Perzeptron hat eine wichtige Schwäche: Es kann nur **linear separierbare** Probleme lösen. Das heißt, es kann nur eine gerade Linie (oder eine Ebene) zwischen zwei Klassen ziehen. 

Ein berühmtes Beispiel, das ein einzelnes Perzeptron **nicht** lösen kann, ist das **XOR-Problem** (Exklusives Oder). Um solche komplexeren Probleme zu lösen, stapelt man viele Perzeptronen zu Schichten $\rightarrow$ so entsteht ein **Multi-Layer Perceptron (MLP)**, das wir heute als **Künstliches Neuronales Netz** kennen.

**Hättest du gerne ein einfaches Python-Code-Beispiel, wie man ein Perzeptron selbst programmiert?**","[""Prof. Dr. Frank Kammer   @   \nBeispiel Handschriftenerkennung\nEingabevektor mit 784 Pixeln\nNicht ein Perzeptron (lila), \nsondern 512 parallele Perzeptrons\nPerzeptron\n397\n6"", ""Prof. Dr. Frank Kammer   @   \nBeispiel Handschriftenerkennung\nEingabevektor mit 784 Pixeln\nInsgesamt 2*512+10=1034 Perzeptions\nPerzeptron\n398\n6"", ""Prof. Dr. Frank Kammer   @   \nLernziele\n361\nSie verstehen, wie künstliche neuronale Netze (NN) \nfunktionieren und wie sie trainiert werden.\nSie können die Idee eines Perzeptrons in neuronalen \nNetzen beschreiben.\nSie können die (inkrementelle) Delta-Regel erklären.\nSie verstehen die Idee hinter dem Backpropagation-\nAlgorithmus.\n6"", ""Prof. Dr. Frank Kammer   @   \nPerzeptron\n381\nLineare Separierbarkeit\n6\n∃𝑤௜∈ℝ, 1 ൑𝑖൑𝑛: ෍𝑤௜· 𝑥௜\nି\n௡\n௜ୀଵ\n൑Θ ൏෍𝑤௜· 𝑥௜\nା\n௡\n௜ୀଵ\nAn welchen Punkten werden die Achsen \ngeschnitten?"", ""Prof. Dr. Frank Kammer   @   \nPerzeptron\n384\nLineare Separierbarkeit – Perzeptron\nAlternative zu Parameter Θ ?\nEinführung eines Bias als Input\n6\n𝒙𝟏\n𝒙𝟐\n෍\n𝒂𝒌𝒕𝒊𝒗𝒊𝒕ä𝒕\n𝒐𝒖𝒕𝒑𝒖𝒕\n𝒘𝟏\n𝒘𝟐\n𝑎𝑘𝑡𝑖𝑣𝑖𝑡ä𝑡ൌቊ0\n𝑖𝑛𝑝𝑢𝑡൏Θ\n1\nΘ ൑𝑖𝑛𝑝𝑢𝑡\n𝑖𝑛𝑝𝑢𝑡ൌ෍𝑤௜\n௡\n௜ୀଵ\n𝑥௜""]","[{""title"": ""Vorlesung.pdf"", ""page"": 397, ""score"": 0.5922152}, {""title"": ""Vorlesung.pdf"", ""page"": 398, ""score"": 0.4709272}, {""title"": ""Vorlesung.pdf"", ""page"": 361, ""score"": 0.44580108}, {""title"": ""Vorlesung.pdf"", ""page"": 381, ""score"": 0.44210765}, {""title"": ""Vorlesung.pdf"", ""page"": 384, ""score"": 0.43140948}]",39.22
F12,Künstliche neuronale Netze,Wie werden künstliche neuronale Netze trainiert?,"Neuronale Netze werden trainiert, indem die Gewichte angepasst werden, um den Fehler zu verringern, insbesondere mithilfe der Backpropagation.","Um diese Frage zu beantworten, schau dir bitte die Abschnitte „Lernen in Neuronalen Netzen“ und „Perzeptron“ in deinen Unterlagen an. Überlege dabei zu folgenden Punkten:

*   **Was ist das Ziel?** Überlege, was genau in einem neuronalen Netz angepasst werden muss, damit es Wissen repräsentieren kann und welche Rolle der „Fehler“ dabei spielt.
*   **Welche Daten werden benötigt?** Schau dir an, welche Informationen (Eingabevektoren und Sollausgaben) bereitgestellt werden müssen, um den Lernprozess zu starten.
*   **Welcher mathematische Weg wird vorgeschlagen?** Wirf einen Blick auf die Formeln auf Folie 402. Welcher Art von mathematischem Problem (z. B. welche Art von Gleichungssystem) wird die Suche nach den optimalen Gewichten dort gleichgestellt?

Wenn du diese Punkte kombinierst, wirst du den im Kontext beschriebenen Weg des Trainings finden.","Hallo! Als dein Lernassistent für Python und Machine Learning erkläre ich dir gerne, wie das Training künstlicher neuronaler Netze (KNN) funktioniert.

Im Kern ist das Training eines neuronalen Netzes ein **Optimierungsproblem**. Das Ziel ist es, die internen Parameter des Netzes (die **Gewichte** und **Biases**) so anzupassen, dass die Differenz zwischen der Vorhersage des Netzes und dem tatsächlichen Zielwert so gering wie möglich wird.

Dieser Prozess läuft in einem zyklischen Ablauf ab, den man als **Trainingsschleife** bezeichnet. Hier sind die vier entscheidenden Schritte:

---

### 1. Forward Propagation (Vorwärtspropagierung)
Zuerst fließen die Daten vom Eingang zum Ausgang durch das Netzwerk.
*   **Input:** Die Eingabedaten (z. B. Pixel eines Bildes) werden in die erste Schicht eingespeist.
*   **Berechnung:** In jedem Neuron wird die Summe der gewichteten Eingänge berechnet und mit einem **Bias** (einem Versatz) addiert.
*   **Aktivierung:** Das Ergebnis wird durch eine **Aktivierungsfunktion** (z. B. ReLU oder Sigmoid) geleitet, um Nichtlinearität einzuführen.
*   **Output:** Am Ende gibt das Netz eine Vorhersage aus (z. B. „Das Bild zeigt zu 80 % eine Katze“).

### 2. Berechnung des Fehlers (Loss Function)
Nun muss das Netz wissen, wie „falsch“ seine Vorhersage war. Dafür nutzt man eine **Verlustfunktion (Loss Function)**.
*   Die Funktion vergleicht die Vorhersage des Netzes mit dem tatsächlichen Label (dem „Ground Truth“).
*   **Beispiele:**
    *   *Mean Squared Error (MSE)* für Regressionsaufgaben (vorhersagen von Zahlen).
    *   *Cross-Entropy Loss* für Klassifikationsaufgaben (Kategorien zuordnen).
*   Das Ergebnis ist ein einzelner Wert (der Loss), der angibt, wie weit das Netz vom Ziel entfernt ist.

### 3. Backpropagation (Rückwärtspropagierung)
Das ist der „magische“ Teil. Hier wird ermittelt, welcher Teil des Netzwerks für den Fehler verantwortlich ist.
*   Mithilfe der **Kettenregel der Differentialrechnung** wird berechnet, wie sich eine kleine Änderung eines bestimmten Gewichts auf den Gesamtfehler auswirkt.
*   Man berechnet den **Gradienten**: Eine mathematische Beschreibung der Steigung der Fehlerfunktion. Der Gradient zeigt uns, in welche Richtung wir das Gewicht ändern müssen, um den Fehler zu verringern.
*   Dieser Prozess erfolgt rückwärts: vom Ausgang zurück zum Eingang.

### 4. Optimierung (Weight Update)
Nachdem wir wissen, in welche Richtung die Gewichte geändert werden müssen, passt ein **Optimizer** diese an.
*   Ein gängiger Algorithmus ist der **Stochastic Gradient Descent (SGD)** oder der modernere **Adam-Optimizer**.
*   **Die Lernrate ($\eta$):** Hier kommt ein wichtiger Hyperparameter ins Spiel. Die Lernrate bestimmt, wie groß der Schritt ist, den wir in Richtung des Minimums des Fehlers machen.
    *   *Zu groß:* Wir springen über das Optimum hinweg.
    *   *Zu klein:* Das Training dauert ewig.
*   **Formel (vereinfacht):** $\text{Neues Gewicht} = \text{Altes Gewicht} - (\text{Lernrate} \times \text{Gradient})$

---

### Zusammenfassung: Der iterative Prozess

Ein neuronales Netz lernt nicht in einem Durchgang, sondern durch ständige Wiederholung:

1.  **Epoch:** Ein kompletter Durchlauf durch den gesamten Trainingsdatensatz.
2.  **Batch:** Da Datensätze oft zu groß für den Speicher sind, teilt man sie in kleine Gruppen (Batches) auf. Nach jedem Batch werden die Gewichte aktualisiert.
3.  **Konvergenz:** Das Training wird beendet, wenn der Loss nicht mehr sinkt oder eine vordefinierte Anzahl an Epochen erreicht ist.

### Beispiel-Stack in Python
Wenn du das in Python umsetzen möchtest, musst du diese Mathematik nicht von Hand schreiben. Frameworks wie **PyTorch** oder **TensorFlow/Keras** übernehmen das für dich:

*   `model.forward()` $\rightarrow$ Forward Propagation
*   `criterion(output, target)` $\rightarrow$ Loss Function
*   `loss.backward()` $\rightarrow$ Backpropagation
*   `optimizer.step()` $\rightarrow$ Weight Update

**Hast du zu einem dieser Schritte (z. B. zur Backpropagation oder den Aktivierungsfunktionen) noch eine spezifische Frage?**","[""Prof. Dr. Frank Kammer   @   \nLernen in Neuronalen Netzen\n402\n6\n𝒙𝟏\n𝒙𝟐\n𝒙𝒏\n𝒘𝟏\n𝒘𝟐\n𝒘𝒏\n𝑧ൌ𝑖𝑛𝑝𝑢𝑡ൌ𝑏൅෍𝑤௜\n௡\n௜ୀଵ\n𝑥௜\n…\n𝑜𝑢𝑡𝑝𝑢𝑡ൌ𝑓𝑖𝑛𝑝𝑢𝑡\nz\nGegeben:\nN Trainingsdatensätze \n𝑠ଵ, 𝑡ଵ, … , 𝑠ே, 𝑡ே\nmit \nEingabevektoren 𝑠௞∈0; 1 ௡und Sollausgabe 𝑡ଵ∈0; 1\nGesucht: Gewichte der Inputfunktion\nLöse Gleichungssystem 𝐴𝑤ൌ𝑏mit \nDamit wird für alle Eingaben 𝑥⃗ൌ𝑠௞eine Ausgabe 𝑓𝑥⃗ൌ𝑤𝑥⃗\nmit minimalem Fehler berechnet.\n𝐴௜௝ൌ෍𝑠௜\n௞𝑠௝\n௞\nே\n௞ୀଵ\n𝑏௝ൌ෍𝑡௞𝑠௝\n௞\nே\n௞ୀଵ\nund\nErgebnis!"", ""Prof. Dr. Frank Kammer   @   \nGrundlagen neuronaler Netze\n363\n6\nMethode der subsymbolischen KI, die der Struktur und \nArbeitsweise des Gehirns nachempfunden ist. \nEin Neuronales Netz besteht aus einer Vielzahl über \nKommunikationskanäle verbundener Neuronen.\nWas ist ein Neuronales Netz (NN)?"", ""Prof. Dr. Frank Kammer   @   \nGrundlagen neuronaler Netze\n364\nStärken Neuronaler Netze\nAuswertung unstrukturierter Daten \nFinden von Mustern\n6"", ""Prof. Dr. Frank Kammer   @   \nLernen in Neuronalen Netzen\n401\nWissen wird durch die Gewichte wi repräsentiert\nFinde für jedes Output-Neuron einzeln Gewichte wi mit \nminimalem Fehler\n6\n𝒙𝟏\n𝒙𝟐\n𝒙𝒏\n𝒘𝟏\n𝒘𝟐\n𝒘𝒏\n𝑧ൌ𝑖𝑛𝑝𝑢𝑡ൌ𝑏൅෍𝑤௜\n௡\n௜ୀଵ\n𝑥௜\n…\n𝑜𝑢𝑡𝑝𝑢𝑡ൌ𝑓𝑖𝑛𝑝𝑢𝑡\nz"", ""Prof. Dr. Frank Kammer   @   \nPerzeptron\n399\n6\nNein! \nZunächst müssen die korrekten Gewichte gefunden \nwerden!\nKönnen mit dem Netz sofort Zahlen erkannt \nwerden?\nWie findet man die Gewichte?\nDurch Training des Netzes!""]","[{""title"": ""Vorlesung.pdf"", ""page"": 402, ""score"": 0.63384604}, {""title"": ""Vorlesung.pdf"", ""page"": 363, ""score"": 0.6079179}, {""title"": ""Vorlesung.pdf"", ""page"": 364, ""score"": 0.5942426}, {""title"": ""Vorlesung.pdf"", ""page"": 401, ""score"": 0.59197915}, {""title"": ""Vorlesung.pdf"", ""page"": 399, ""score"": 0.58476067}]",40.04
F13,Künstliche neuronale Netze,Was ist die Grundidee des Backpropagation-Algorithmus?,"Backpropagation propagiert den Fehler von der Ausgabe rückwärts durch das Netz, um die Gewichte jeder Schicht anzupassen.","Um die Grundidee des Backpropagation-Algorithmus zu verstehen, schau dir am besten folgende Punkte im Kontext an:

*   **Zweck:** Überlege zuerst, wofür Backpropagation im Zusammenhang mit künstlichen neuronalen Netzen (NN) und Convolutional Neural Networks (CNN) eingesetzt wird. Welchen Prozess im Lebenszyklus eines Modells unterstützt dies?
*   **Mechanismus der Anpassung:** Betrachte den Abschnitt zur „Gewichtsanpassung“. Welche Rolle spielt dort der „Gesamtfehler des Netzes“ ($E_{Gesamt}$)?
*   **Mathematischer Ansatz:** Analysiere die Formel für $\Delta w_{i,j}^l$. Überlege, was die partielle Ableitung ($\frac{\partial E_{Gesamt}}{\partial w_{i,j}^l}$) über den Zusammenhang zwischen einem bestimmten Gewicht und dem Fehler aussagt und wie die Lernrate ($\ell$) diesen Prozess beeinflusst.

Wenn du diese Punkte verknüpfst, erkennst du, wie das Netz seine internen Parameter anpasst, um den Fehler zu minimieren.","Hallo! Als dein Lernassistent für Python und Machine Learning erkläre ich dir das gerne.

Die Grundidee des **Backpropagation-Algorithmus** (kurz für *Backward Propagation of Errors*) ist es, herauszufinden, wie stark jedes einzelne Gewicht in einem neuronalen Netzwerk zum Gesamtfehler der Vorhersage beigetragen hat, und diese Gewichte dann systematisch anzupassen, um den Fehler zu minimieren.

Man kann es sich vereinfacht als ein **„Fehlersuche- und Zuweisungsverfahren“** vorstellen.

Hier ist die detaillierte Erklärung, unterteilt in den Ablauf und das mathematische Prinzip:

### 1. Der Prozess in drei Schritten

Um zu verstehen, was Backpropagation macht, muss man den gesamten Trainingszyklus eines Netzwerks betrachten:

1.  **Forward Pass (Vorwärtslauf):**
    Die Daten fließen von der Eingabeschicht durch die versteckten Schichten bis zur Ausgabeschicht. Das Netzwerk gibt eine Vorhersage ab.
2.  **Berechnung des Fehlers (Loss Function):**
    Die Vorhersage wird mit dem tatsächlichen Zielwert (Label) verglichen. Eine sogenannte **Loss Function** (Verlustfunktion) berechnet, wie groß die Differenz zwischen Vorhersage und Realität ist.
3.  **Backward Pass (Rückwärtslauf $\rightarrow$ Backpropagation):**
    Hier kommt Backpropagation ins Spiel. Der Fehler wird von der Ausgabeschicht aus **rückwärts** durch das Netzwerk geleitet. Der Algorithmus berechnet für jedes Gewicht im Netzwerk: *„Wenn ich dieses Gewicht ein kleines Stück verändere, wie stark verändert sich dann der Gesamtfehler?“*

### 2. Das mathematische Herzstück: Die Kettenregel

Die technische Grundlage von Backpropagation ist die **Kettenregel der Differentialrechnung**.

Da ein neuronales Netzwerk im Grunde eine lange Kette von verschachtelten Funktionen ist (Eingabe $\rightarrow$ Gewichtung $\rightarrow$ Aktivierungsfunktion $\rightarrow$ Gewichtung ...), erlaubt die Kettenregel es uns, den Gradienten (die Steigung) der Verlustfunktion in Bezug auf ein Gewicht in einer frühen Schicht zu berechnen, indem wir die Gradienten der nachfolgenden Schichten multiplizieren.

**Kurz gesagt:** Man berechnet den Gradienten $\frac{\partial Loss}{\partial weight}$, also die Ableitung des Fehlers nach dem Gewicht.

### 3. Was passiert nach der Backpropagation?

Backpropagation selbst berechnet nur die Gradienten (also die Richtung und Stärke der Fehler). Sie verändert die Gewichte noch nicht.

Die eigentliche Anpassung erfolgt durch einen **Optimierer**, meistens den **Gradientenabstieg (Gradient Descent)**. Dieser aktualisiert die Gewichte in die entgegengesetzte Richtung des Gradienten:
$$\text{Neues Gewicht} = \text{Altes Gewicht} - (\text{Lernrate} \times \text{Gradient})$$

### Zusammenfassung (Die Analogie)

Stell dir vor, eine Firma produziert ein fehlerhaftes Produkt. 
*   Der **Forward Pass** ist der Produktionsprozess vom Rohstoff bis zum fertigen Produkt.
*   Die **Loss Function** ist die Qualitätskontrolle, die feststellt: „Das Produkt ist falsch.“
*   **Backpropagation** ist die Analyse: Der Chef (Ausgabeschicht) beschwert sich beim Abteilungsleiter, dieser beim Teamleiter und dieser schließlich beim Arbeiter an der Maschine (Eingabeschicht). Jeder erfährt genau, welchen Anteil er am Fehler hatte.
*   Der **Gradient Descent** ist die Optimierung: Jeder Mitarbeiter passt seine Arbeitsweise ein wenig an, damit beim nächsten Mal weniger Fehler passieren.

**Hast du dazu eine spezifische Frage, oder soll ich dir zeigen, wie man eine einfache Backpropagation in Python (mit NumPy) implementiert?**","[""Prof. Dr. Frank Kammer   @   \nBackpropagation\n442\nVorteile\n\nSehr schnell\n\nEinfach zu programmieren und zu verstehen.\n\nAuch nicht-lineare Klassifikationen\nAnwendungen: \n\nBild-Erkennung \n\nSprach-Erkennung\n\nSprach-Wiedergabe\n\nNachteile\n\nÜberanpassung (engl. overfitting)\n\nProblematisch, weil \ndie Daten oft etwas verrauscht sind \ndie Ausnahme die Regel eben nicht bestätigt\n6"", ""Prof. Dr. Frank Kammer   @   \nLernziele\n361\nSie verstehen, wie künstliche neuronale Netze (NN) \nfunktionieren und wie sie trainiert werden.\nSie können die Idee eines Perzeptrons in neuronalen \nNetzen beschreiben.\nSie können die (inkrementelle) Delta-Regel erklären.\nSie verstehen die Idee hinter dem Backpropagation-\nAlgorithmus.\n6"", ""Prof. Dr. Frank Kammer   @   \nBackpropagation\n443\nLiteratur\nhttps://mattmazur.com/2015/03/17/a-step-by-step-\nbackpropagation-example/\nhttps://medium.com/@14prakash/back-propagation-is-\nvery-simple-who-made-it-complicated-97b794c97e5c\nhttps://www.youtube.com/watch?v=q555kfIFUCM\n6"", ""Prof. Dr. Frank Kammer   @   \nDeep Learning\n494\nConvolutional Neural Networks\nTraining\nBackpropagration\nHerausforderung: Backpropagation findet bei vielen \nZwischenschichten meist nur lokale Minima.\nVariation der Lernrate entscheidend\nStart mit Zufallszahlen für alle Werte (Filter, Gewichte)\n6"", ""Prof. Dr. Frank Kammer   @   \nBackpropagation\n433\nGewichtsanpassung\n6\n𝑤௜,௝\n௟ ௡௘௨ൌ𝑤௜,௝\n௟ ௔௟௧൅∆௞𝑤௜,௝\n௟ \n∆௞𝑤௜,௝\n௟ ൌℓ𝜕𝐸௚௘௦௔௠௧\n𝜕𝑤௜,௝\n௟ \n𝜕𝐸௚௘௦௔௠௧\n𝜕𝑤௜,௝\n௟ \nൌ𝜕𝐸௚௘௦௔௠௧\n𝜕𝑥௝\n௟\n𝜕𝑥௝\n௟\n𝜕𝑖𝑛𝑝𝑢𝑡௝\n௟\n𝜕𝑖𝑛𝑝𝑢𝑡௝\n௟\n𝜕𝑤௜,௝\n௟ \n𝒘𝟏,𝒋\n𝒍\n𝒘𝒎,𝒋\n𝒍\n𝒘𝒊,𝒋\n𝒍\n𝑧௜\n௟ିଵ\n𝑥௝\n௟\n𝑖𝑛𝑝𝑢𝑡௝\n௟\n𝐸௚௘௦௔௠௧\n𝐸௚௘௦௔௠௧ൌ1\n𝑅෍𝑡௥௞െ𝑜௥௞ଶ\nோ\n௥ୀଵ\nGesamtfehler des Netzes beim Anlegen von \nDatensatz  𝑠௞, 𝑡௞, mit 𝑜௥௞ൌ𝑥௥௠௔௫Ausgabe-Neuron""]","[{""title"": ""Vorlesung.pdf"", ""page"": 442, ""score"": 0.63547885}, {""title"": ""Vorlesung.pdf"", ""page"": 361, ""score"": 0.593869}, {""title"": ""Vorlesung.pdf"", ""page"": 443, ""score"": 0.5900713}, {""title"": ""Vorlesung.pdf"", ""page"": 494, ""score"": 0.5778519}, {""title"": ""Vorlesung.pdf"", ""page"": 433, ""score"": 0.57053053}]",44.0
F14,Schließen mit Unsicherheit,Wozu dient die Bayes-Formel beim Schließen mit Unsicherheit?,Die Bayes-Formel aktualisiert eine Wahrscheinlichkeit auf Basis neuer Beobachtungen.,"Schau dir die Struktur der bereitgestellten Informationen an. Dort wird die Bayes-Formel als ein spezifischer Punkt unter dem übergeordneten Thema „Schließen mit Unsicherheit“ aufgeführt.

Überlege einmal: Wenn es im Kontext des Kurses auch um das „Rechnen mit Wahrscheinlichkeiten“ geht, welche Rolle könnte eine entsprechende Formel dabei spielen, um Schlussfolgerungen zu ziehen, wenn man nicht über vollständige Gewissheit verfügt?","Hallo! Als dein Lernassistent für Python und Machine Learning erkläre ich dir das gerne.

Die Bayes-Formel (oder das Bayes-Theorem) ist im Grunde ein mathematisches Werkzeug, um **Überzeugungen basierend auf neuen Beweisen zu aktualisieren**. Wenn wir von „Schließen mit Unsicherheit“ (Reasoning under Uncertainty) sprechen, bedeutet das, dass wir keine absolute Gewissheit haben, sondern mit Wahrscheinlichkeiten arbeiten.

Hier ist die detaillierte Erklärung:

### 1. Die Kernidee
In der klassischen Statistik (Frequentismus) fragt man oft: „Wie wahrscheinlich ist dieses Ergebnis, wenn meine Hypothese stimmt?“
Die Bayes-Formel dreht die Perspektive um: **„Wie wahrscheinlich ist meine Hypothese, gegeben dass ich dieses Ergebnis beobachtet habe?“**

Das ist extrem mächtig, weil es uns erlaubt, **Vorwissen** (Prior) mit **neuen Daten** (Likelihood) zu kombinieren, um zu einer **aktualisierten Einschätzung** (Posterior) zu gelangen.

### 2. Die Formel
Die Formel lautet:

$$P(H|E) = \frac{P(E|H) \cdot P(H)}{P(E)}$$

**Die Begriffe einfach erklärt:**
*   **$P(H|E)$ (Posterior):** Die Wahrscheinlichkeit der Hypothese $H$, *nachdem* wir das Ereignis/Beweis $E$ gesehen haben. (Was wir wissen wollen).
*   **$P(H)$ (Prior):** Unsere ursprüngliche Einschätzung der Hypothese, *bevor* wir die neuen Daten gesehen haben. (Vorwissen).
*   **$P(E|H)$ (Likelihood):** Die Wahrscheinlichkeit, dass das Ereignis $E$ eintritt, *wenn* die Hypothese $H$ wahr ist.
*   **$P(E)$ (Evidence):** Die Gesamtwahrscheinlichkeit des Ereignisses $E$ unter allen möglichen Bedingungen.

### 3. Warum ist das für die Unsicherheit so wichtig?

In der realen Welt (und im Machine Learning) haben wir fast nie perfekte Informationen. Die Bayes-Formel hilft uns hier auf drei Arten:

1.  **Integration von Vorwissen:** Wenn du sehr wenig Daten hast, verhindert der *Prior*, dass das Modell überreagiert (Overfitting). Du sagst dem Modell: „Ich weiß aus Erfahrung, dass Ereignis X selten ist“, und das Modell gewichtet neue, einzelne Beobachtungen entsprechend vorsichtig.
2.  **Iteratives Lernen:** Bayes ist ein Kreislauf. Der *Posterior* von heute wird zum *Prior* von morgen. Sobald neue Daten eintreffen, aktualisierst du deine Wahrscheinlichkeit einfach erneut.
3.  **Quantifizierung von Unsicherheit:** Statt nur zu sagen „Das ist Klasse A“, gibt ein bayesianischer Ansatz eine Wahrscheinlichkeitsverteilung aus (z. B. „Ich bin mir zu 70% sicher, dass es Klasse A ist“).

### 4. Praxisbeispiel: Spam-Filter (Naive Bayes)
Ein klassisches Beispiel in Python/ML ist der **Naive Bayes Classifier**:

*   **Hypothese ($H$):** Die E-Mail ist Spam.
*   **Beweis ($E$):** Die E-Mail enthält das Wort „Gewinnspiel“.
*   **Prior $P(H)$:** Wie viel Prozent aller E-Mails in meinem Postfach sind generell Spam?
*   **Likelihood $P(E|H)$:** Wie oft kommt das Wort „Gewinnspiel“ in bekannten Spam-Mails vor?
*   **Posterior $P(H|E)$:** Wie wahrscheinlich ist es, dass *diese spezifische* Mail Spam ist, weil das Wort „Gewinnspiel“ darin vorkommt?

### Zusammenfassung für deine Notizen:
Die Bayes-Formel dient dazu, **Unsicherheit rational zu handhaben**, indem sie eine Brücke schlägt zwischen dem, was wir bereits wissen (Prior), und dem, was wir gerade beobachten (Daten), um eine fundierte Wahrscheinlichkeit für eine Hypothese zu berechnen.

Hast du dazu eine spezifische Frage, oder möchtest du sehen, wie man das in Python mit einer Library wie `scikit-learn` umsetzt?","[""Prof. Dr. Frank Kammer   @   \nGrundlagen der Data Science\n577\n7. Schließen mit Unsicherheit\n1. Prädikatenlogik\n7\n4. Bayes-Formel\n3. Erweiterter Modus Ponens\n5. Schließen mit Bayes-Netzen\n2. Rechnen mit Wahrscheinlichkeiten"", ""Prof. Dr. Frank Kammer   @   \nGrundlagen der Data Science\n541\n7. Schließen mit Unsicherheit\n1. Prädikatenlogik\n7\n4. Bayes-Formel\n3. Erweiterter Modus Ponens\n5. Schließen mit Bayes-Netzen\n2. Rechnen mit Wahrscheinlichkeiten"", ""Prof. Dr. Frank Kammer   @   \nGrundlagen der Data Science\n537\n7. Schließen mit Unsicherheit\n1. Prädikatenlogik\n7\n4. Bayes-Formel\n3. Erweiterter Modus Ponens\n5. Schließen mit Bayes-Netzen\n2. Rechnen mit Wahrscheinlichkeiten"", ""Prof. Dr. Frank Kammer   @   \nGrundlagen der Data Science\n560\n7. Schließen mit Unsicherheit\n1. Prädikatenlogik\n7\n4. Bayes-Formel\n3. Erweiterter Modus Ponens\n5. Schließen mit Bayes-Netzen\n2. Rechnen mit Wahrscheinlichkeiten"", ""Prof. Dr. Frank Kammer   @   \nGrundlagen der Data Science\n535\n7. Schließen mit Unsicherheit\n1. Prädikatenlogik\n7\n4. Bayes-Formel\n3. Erweiterter Modus Ponens\n5. Schließen mit Bayes-Netzen\n2. Rechnen mit Wahrscheinlichkeiten""]","[{""title"": ""Vorlesung.pdf"", ""page"": 577, ""score"": 0.71571416}, {""title"": ""Vorlesung.pdf"", ""page"": 541, ""score"": 0.7136533}, {""title"": ""Vorlesung.pdf"", ""page"": 537, ""score"": 0.71116036}, {""title"": ""Vorlesung.pdf"", ""page"": 560, ""score"": 0.71009874}, {""title"": ""Vorlesung.pdf"", ""page"": 535, ""score"": 0.7097573}]",42.56
F15,Schließen mit Unsicherheit,Was sind die Grenzen der normalen Aussagen- bzw. Prädikatenlogik?,Die klassische Aussagen- und Prädikatenlogik kann Unsicherheit bzw. probabilistisches Wissen nicht ausdrücken.,"Schau dir bitte die Lernziele im bereitgestellten Kontext an. 

Dort wird ein Hinweis auf die Verallgemeinerung des Modus Ponens sowie die Anwendung von Bayes-Netzen gegeben. Überlege dir anhand dieser Punkte: Welches Element kommt in den genannten Erweiterungen (Wahrscheinlichkeiten, Bayes-Netze) hinzu, das in der klassischen Aussagen- oder Prädikatenlogik vermutlich fehlt? Warum könnte das für die Folgerungen in der Praxis nützlich sein?","Hallo! Als dein Lernassistent für Python und Machine Learning helfe ich dir gerne dabei, dieses theoretische Fundament zu verstehen. Obwohl Machine Learning heute oft auf Statistik und Linearer Algebra basiert, ist die Logik die Wurzel der Künstlichen Intelligenz (insbesondere der sogenannten ""Symbolischen KI"").

Um die Grenzen zu verstehen, müssen wir kurz unterscheiden: Die **Aussagenlogik** ist die einfachste Form (Wahrheitswerte von Aussagen), die **Prädikatenlogik** (meist First-Order Logic, FOL) erweitert diese um Objekte, Eigenschaften und Quantoren (wie „für alle“ $\forall$ oder „es existiert“ $\exists$).

Hier sind die wesentlichen Grenzen beider Systeme:

### 1. Die binäre Natur (Das ""Alles-oder-Nichts""-Problem)
Die klassische Logik ist **binär**: Eine Aussage ist entweder **wahr (1)** oder **falsch (0)**.
*   **Die Grenze:** In der realen Welt und besonders im Machine Learning haben wir es mit **Unsicherheit, Graustufen und Wahrscheinlichkeiten** zu tun.
*   **Beispiel:** Die Aussage „Es regnet stark“ ist in der Prädikatenlogik entweder wahr oder falsch. Aber ab welcher Millimeter-Menge pro Stunde ist es „stark“?
*   **Lösung in der KI:** Hier setzen **Fuzzy Logic** (für Graustufen) und **probabilistische Modelle** (wie Bayes-Netze) an.

### 2. Umgang mit Unsicherheit und Rauschen
Klassische Logik ist **monoton**. Das bedeutet: Wenn eine Schlussfolgerung einmal aus einer Menge von Fakten gezogen wurde, bleibt sie wahr, auch wenn neue Fakten hinzugefügt werden.
*   **Die Grenze:** In der Realität müssen wir Schlussfolgerungen oft revidieren (nicht-monotones Schließen). Zudem kann die Logik nicht mit „verrauschten“ Daten umgehen. Ein einziger falscher Fakt kann ein ganzes logisches System kollabieren lassen (Widerspruch $\rightarrow$ alles ist beweisbar).
*   **Beispiel:** „Alle Vögel können fliegen. Tweety ist ein Vogel $\rightarrow$ Tweety kann fliegen.“ Wenn wir nun lernen, dass Tweety ein Pinguin ist, bricht die strikte logische Kette.
*   **Lösung in der KI:** Machine Learning (Deep Learning) lernt **Gewichte** statt harter Regeln, was das System robust gegenüber Ausreißern und Fehlern macht.

### 3. Komplexität und Entscheidbarkeit (Rechenaufwand)
Hier kommen wir zu den theoretischen Grenzen der Informatik:
*   **Aussagenlogik:** Das Problem zu prüfen, ob eine Formel erfüllbar ist (SAT-Problem), ist **NP-vollständig**. Bei sehr vielen Variablen explodiert die Rechenzeit.
*   **Prädikatenlogik:** Sie ist **semi-entscheidbar**. Das bedeutet: Wenn eine Aussage wahr ist, kann ein Algorithmus das irgendwann beweisen. Wenn sie aber falsch ist, kann es passieren, dass der Algorithmus ewig weiterrechnet, ohne jemals zu einem Ergebnis zu kommen (ähnlich dem Halteproblem).
*   **Die Grenze:** Man kann nicht jedes beliebige Problem in einer komplexen Welt durch rein logische Ableitung in endlicher Zeit lösen.

### 4. Ausdrucksstärke (Higher-Order Logic)
Die Prädikatenlogik erster Stufe (FOL) kann über Objekte quantifizieren, aber nicht über die Prädikate selbst.
*   **Die Grenze:** Du kannst sagen: „Für alle $x$ gilt: $x$ ist ein Mensch“. Du kannst aber nicht einfach sagen: „Alle Eigenschaften von $x$ sind positiv“, da „Eigenschaft“ hier selbst ein Prädikat über Prädikate wäre.
*   **Lösung:** Man benötigt Logiken höherer Ordnung, die jedoch noch instabiler und schwerer berechenbar sind.

### Zusammenfassung für deinen Kontext (Python/ML)

Wenn du programmierst, siehst du diese Grenzen täglich:
*   **`if/else`** in Python ist reine Aussagenlogik. Es funktioniert super für klare Regeln, aber scheitert an der Bilderkennung oder Sprachverarbeitung.
*   **Neural Networks** sind im Grunde der Versuch, die starre Logik durch **kontinuierliche mathematische Funktionen** zu ersetzen. Anstatt zu sagen „Wenn A und B, dann C“, lernt das Netzwerk „Wenn A und B in diesem Maße vorhanden sind, ist die Wahrscheinlichkeit für C sehr hoch“.

**Kurz gesagt:** Die normale Logik ist präzise, aber starr. Machine Learning ist unpräzise, aber flexibel.","[""Prof. Dr. Frank Kammer   @   \nLernziele\n536\nSie kennen die Grenzen der normalen \nAussagen-/Prädikatenlogik.\nSie wissen, dass der Modus Ponens mit \nWahrscheinlichkeiten verallgemeinert werden kann \nund verstehen den Nutzen. \nSie können Bayes-Netze anwenden, um leichte \nwahrscheinlichkeitsbehaftete Folgerungen \nauszudrücken. \n7"", ""3.\n𝑃𝐸: Wahrscheinlichkeit der Evidenz\nProzentualer Anteil der Instanzen mit dem Merkmalsvektor 𝐸im \nDatensatz\n7"", ""Wirkung\nTrotz Vielzahl denkbarer Zusammenhänge wird erstbeste \nausgewählt. \n9"", ""Prof. Dr. Frank Kammer   @   \nPerzeptron\n381\nLineare Separierbarkeit\n6\n∃𝑤௜∈ℝ, 1 ൑𝑖൑𝑛: ෍𝑤௜· 𝑥௜\nି\n௡\n௜ୀଵ\n൑Θ ൏෍𝑤௜· 𝑥௜\nା\n௡\n௜ୀଵ\nAn welchen Punkten werden die Achsen \ngeschnitten?"", ""völlig falschen Inzidenzverhältnissen geführt“\n(Zitate von Walter Jonas, Leiter des LGL im merkur am 5.12.21)\n9""]","[{""title"": ""Vorlesung.pdf"", ""page"": 536, ""score"": 0.5154191}, {""title"": ""Vorlesung.pdf"", ""page"": 570, ""score"": 0.44024548}, {""title"": ""Vorlesung.pdf"", ""page"": 749, ""score"": 0.38911983}, {""title"": ""Vorlesung.pdf"", ""page"": 381, ""score"": 0.38536388}, {""title"": ""Vorlesung.pdf"", ""page"": 755, ""score"": 0.37980962}]",40.51
F16,Erklärbare KI,Warum ist erklärbare KI wichtig?,"Erklärbare KI macht die Entscheidungen von Modellen nachvollziehbar, überprüfbar und vertrauenswürdig.","Schau dir dazu einmal den Abschnitt zur „Motivation“ in deinen Unterlagen an. Um die Antwort zu finden, könntest du dir folgende Fragen stellen:

*   Welche verschiedenen Nutzergruppen (z. B. Entwicklungsteams, Unternehmen oder Kunden) werden genannt und welche unterschiedlichen Bedürfnisse haben diese an eine Erklärung?
*   Welches übergeordnete Ziel soll durch den Einsatz von Erklärungen im Hinblick auf das KI-System erreicht werden?","Hallo! Als dein Lernassistent für Python und Machine Learning erkläre ich dir das gerne.

**Erklärbare KI (Explainable AI, kurz XAI)** ist deshalb so wichtig, weil moderne Machine-Learning-Modelle – insbesondere Deep Learning (neuronale Netze) oder komplexe Ensemble-Methoden wie Random Forests – oft als **„Black Boxes“** fungieren. Das bedeutet: Wir füttern Daten hinein und erhalten ein Ergebnis, wissen aber nicht genau, *wie* und *warum* das Modell zu dieser Entscheidung gekommen ist.

Hier sind die fünf Hauptgründe, warum XAI entscheidend ist:

### 1. Vertrauen und Akzeptanz (Trust)
Damit Menschen KI-Systemen vertrauen, müssen sie verstehen, auf welcher Basis eine Entscheidung getroffen wurde. 
*   **Beispiel:** Ein Arzt wird eine KI-Diagnose (z. B. „Tumor erkannt“) nur dann ernst nehmen und behandeln, wenn die KI aufzeigen kann, welche Bereiche im Röntgenbild ausschlaggebend für diese Entscheidung waren.

### 2. Fehleranalyse und Debugging
Wenn ein Modell falsche Vorhersagen trifft, reicht es nicht zu wissen, *dass* es falsch liegt. Wir müssen wissen, *warum*. 
*   **Beispiel:** Ein klassisches Beispiel aus der Forschung war ein Modell, das Hunde von Wölfen unterscheiden sollte. Es funktionierte perfekt, bis man durch XAI feststellte, dass die KI nicht die Tiere analysierte, sondern lediglich prüfte, ob im Hintergrund Schnee lag (da fast alle Wolf-Bilder im Schnee aufgenommen waren). Ohne XAI hätte man geglaubt, das Modell sei intelligent, dabei war es nur ein „Hintergrund-Detektor“.

### 3. Fairness und Vermeidung von Bias (Voreingenommenheit)
KI-Modelle lernen aus historischen Daten. Wenn diese Daten menschliche Vorurteile enthalten, übernimmt die KI diese. XAI hilft dabei, diese diskriminierenden Muster aufzudecken.
*   **Beispiel:** Ein System zur Kreditvergabe könnte Menschen aufgrund ihrer Postleitzahl oder ihres Geschlechts ablehnen, ohne dass dies explizit programmiert wurde. XAI macht sichtbar, welche Features das Ergebnis stark beeinflussen, sodass Entwickler eingreifen können.

### 4. Rechtliche Anforderungen (Compliance)
In vielen Regionen gibt es bereits gesetzliche Vorgaben. Die **EU-DSGVO (GDPR)** sieht beispielsweise ein „Recht auf Erklärung“ vor. Wenn eine automatisierte Entscheidung eine Person erheblich beeinflusst (z. B. Absage eines Jobangebots durch eine KI), hat die betroffene Person das Recht zu erfahren, wie diese Entscheidung zustande kam.

### 5. Sicherheit in kritischen Systemen
In Bereichen wie dem autonomen Fahren oder der Luftfahrt können Fehler katastrophal sein. Hier ist es überlebenswichtig, dass die Entscheidungsprozesse nachvollziehbar und validierbar sind, um Grenzfälle (*Edge Cases*) zu verstehen und zu beheben.

---

### Zusammenfassung für deine Lernnotizen:

| Aspekt | Problem der „Black Box“ | Lösung durch XAI |
| :--- | :--- | :--- |
| **Vertrauen** | „Die KI sagt X, ich weiß nicht warum.“ | „Die KI sagt X, weil Feature Y hoch ist.“ |
| **Qualität** | Modell ist präzise, aber aus falschen Gründen. | Fehlerhafte Logik wird erkannt und korrigiert. |
| **Ethik** | Unbewusste Diskriminierung (Bias). | Transparenz über gewichtete Merkmale. |
| **Recht** | Black-Box-Entscheidungen sind illegal. | Nachvollziehbarkeit gemäß DSGVO. |

**Pro-Tipp für Python:** Wenn du dich praktisch damit beschäftigen willst, schau dir Bibliotheken wie **SHAP** (SHapley Additive exPlanations) oder **LIME** (Local Interpretable Model-agnostic Explanations) an. Diese sind der Standard in Python, um Black-Box-Modelle interpretierbar zu machen!","[""Prof. Dr. Frank Kammer   @   \nMotivation\n619\nWas macht eine gute Erklärung aus?\nAntwort auf die Frage nach dem „Warum“.\nDieselbe Erklärung ruft bei verschiedenen Personen \nunterschiedliche Reaktionen hervor. \nEntsprechend verschieden sind die Bedarfe von \nNutzergruppen\nEntwicklungsteam: Erklärungen, um System zu verbessern \nUnternehmen: Erklärungen zur Zuverlässigkeit des Systems\nKunden: Welche Faktoren beeinflussen die Entscheidung?\netc.\nZiel: Größtmögliches Vertrauen ins KI-System schaffen\n8"", ""Prof. Dr. Frank Kammer   @   \nArten und Methoden der Erklärbarkeit\n623\nKI-Mächtigkeit und Erklärbarkeit\n8\nBraucht jedes Verfahren ein eigenes Erklärungsverfahren?\nBild: https://www.youtube.com/watch?v=6xePkn3-LME"", ""Prof. Dr. Frank Kammer   @   \nLernziele\n597\nWas ist erklärbare KI (Explainable AI, XAI), und \nwarum ist diese wichtig?\nWas macht eine gute Erklärung aus?\nWelche technischen Verfahren zum Finden von \nErklärungen zu KI-Modellen existieren bereits?\nWie klassifiziert man diese Verfahren? Was sind gute \nVerfahren?\n8"", ""Wirkung\nTrotz Vielzahl denkbarer Zusammenhänge wird erstbeste \nausgewählt. \n9"", ""Auswahlentscheidung\n4""]","[{""title"": ""Vorlesung.pdf"", ""page"": 619, ""score"": 0.46294922}, {""title"": ""Vorlesung.pdf"", ""page"": 623, ""score"": 0.4576816}, {""title"": ""Vorlesung.pdf"", ""page"": 597, ""score"": 0.4374277}, {""title"": ""Vorlesung.pdf"", ""page"": 749, ""score"": 0.41335094}, {""title"": ""Vorlesung.pdf"", ""page"": 226, ""score"": 0.4104852}]",28.98
F17,Erklärbare KI,Was ist die Grundidee von SHAP?,"SHAP weist jedem Merkmal einen Beitrag zur Vorhersage zu, basierend auf den Shapley-Werten aus der Spieltheorie.","Um die Grundidee von SHAP zu verstehen, schau dir am besten die Folie mit der Überschrift „Generelle Idee“ (Seite 640) an.

Überlege dir bei der Beantwortung folgende Punkte:
* Was passiert mit den bestehenden Datenpunkten, um die Funktionswerte des KI-Modells zu untersuchen?
* Geht es bei der Berechnung lediglich darum, ob ein Merkmal vorhanden ist oder nicht, oder steht der Vergleich zwischen dem aktuellen Ergebnis und einem Durchschnittswert im Vordergrund?
* Wie wird in dem Beispiel auf Seite 643 vorgegangen, um den Einfluss eines einzelnen Merkmals (hier: die Temperatur) zu isolieren?","Die Grundidee von **SHAP (SHapley Additive exPlanations)** ist es, die Vorhersagen eines komplexen Machine-Learning-Modells (das oft als „Black Box“ gilt) transparent und interpretierbar zu machen.

Hier ist die detaillierte Erklärung, unterteilt in die wichtigsten Konzepte:

### 1. Das Problem: Die Black Box
Modelle wie Random Forests, Gradient Boosting (XGBoost, LightGBM) oder tiefe neuronale Netze liefern oft sehr präzise Vorhersagen, aber es ist schwer zu verstehen, **warum** das Modell zu einem bestimmten Ergebnis gekommen ist. SHAP beantwortet die Frage: *„Welchen Einfluss hatte jedes einzelne Feature auf diese spezifische Vorhersage?“*

### 2. Die theoretische Basis: Spieltheorie
SHAP basiert auf den **Shapley-Werten** aus der kooperativen Spieltheorie (entwickelt von Lloyd Shapley). 

Stell dir vor, ein ML-Modell ist wie ein Spiel und die verschiedenen Features (z. B. Alter, Einkommen, Wohnort) sind die **Spieler**. Das Ergebnis der Vorhersage ist der **Gewinn**, den das Team erzielt hat. Die Kernfrage der Spieltheorie ist nun: *Wie verteilt man den Gewinn fair auf die einzelnen Spieler, basierend auf ihrem tatsächlichen Beitrag zum Erfolg?*

### 3. Wie funktioniert die Berechnung? (Die Intuition)
Um den Beitrag eines einzelnen Features (z. B. „Einkommen“) zu bestimmen, reicht es nicht aus, das Feature einfach wegzulassen. Da Features oft miteinander interagieren (z. B. beeinflusst das Alter oft das Einkommen), berechnet SHAP den **marginalen Beitrag**:

1. Man betrachtet alle möglichen Kombinationen (Teilmengen) von Features.
2. Man vergleicht die Vorhersage des Modells **mit** dem Feature „Einkommen“ und **ohne** das Feature „Einkommen“ innerhalb jeder dieser Kombinationen.
3. Der Shapley-Wert ist der **gewichtete Durchschnitt** dieser marginalen Beiträge über alle möglichen Kombinationen hinweg.

### 4. Das Ergebnis: Additive Feature Attribution
Das Besondere an SHAP ist, dass es eine **additive Erklärung** liefert. Das bedeutet:

$$\text{Vorhersage} = \text{Basiswert (Durchschnitt)} + \text{SHAP-Wert}_1 + \text{SHAP-Wert}_2 + \dots + \text{SHAP-Wert}_n$$

*   **Basiswert (Base Value):** Der durchschnittliche Vorhersagewert über den gesamten Datensatz (was das Modell vorhersagen würde, wenn es keine Informationen über das aktuelle Beispiel hätte).
*   **SHAP-Wert:** Die Differenz, die ein Feature zur Verschiebung des Basiswerts in Richtung der endgültigen Vorhersage beiträgt. Ein positiver Wert erhöht die Vorhersage, ein negativer verringert sie.

### Zusammenfassung für dein Studium:
| Konzept | Erklärung |
| :--- | :--- |
| **Ziel** | Lokale Interpretierbarkeit (Warum wurde *dieses* Beispiel so klassifiziert?). |
| **Herkunft** | Kooperative Spieltheorie (Shapley Values). |
| **Kernidee** | Fairer Anteil des Beitrags eines Features über alle möglichen Feature-Kombinationen. |
| **Vorteil** | Mathematisch fundiert und konsistent (im Gegensatz zu einfachen Feature-Importance-Metriken). |

**Beispiel aus der Praxis:**
Wenn ein Modell einen Hauspreis auf 300.000 € schätzt, der Durchschnittspreis aber bei 200.000 € liegt, könnte SHAP zeigen:
*   Lage: $+ 80.000\text{ €}$
*   Größe: $+ 30.000\text{ €}$
*   Baujahr (alt): $- 10.000\text{ €}$
*   **Summe:** $200.000 + 80.000 + 30.000 - 10.000 = 300.000\text{ €}$.","[""Prof. Dr. Frank Kammer   @   \nSHapley Additive exPlanation (SHAP)\n643\nBeispiel\nWie geht die Temperatur in die Prognose ein?\nIdee: Fixiere alle Werte und variiere die Temperatur:\n[ 30, 1, 100, 4 ] →1100\n[ 20, 1, 100, 4 ] →\n500\n[ 10, 1, 100, 4 ] →\n100\nÄnderungen pro Grad in Bezug auf \nUrsprungsdatensatz [25, 1, 100, 4] →1000\n100/5=20\n-500/-5=100 \n-900/-15=60\nDurchschnitt: 60 Extra-Verkäufe mit jedem Extra-Grad\n8"", ""Prof. Dr. Frank Kammer   @   \nSHapley Additive exPlanation (SHAP)\n640\nGenerelle Idee\nGeneriere neue Datensätze um die bestehenden \nDatenpunkte herum\nVerwende das zu erklärende KI-Modell zur Berechnung \ndes Funktionswertes\nBilde Mittelwerte\nNicht die Differenz zwischen Ergebnissen mit und ohne\neines Merkmals\nSondern Beitrag eines Merkmals zur Differenz zwischen\naktuellem Ergebnis und durchschnittlichem Ergebnis\n8"", ""Prof. Dr. Frank Kammer   @   \nSHapley Additive exPlanation (SHAP)\n650\n8\nT = 25\nW=1\nF=100\nÖ=4\nOutput = 1000\nOutput = 1000\nT = 25\nW=1\nF=100\nÖ=4\nErklärung  \n+200\n-120\n+20\n+25\nBild: https://github.com/slundberg/shap"", ""Prof. Dr. Frank Kammer   @   \nKI und Copyright\n703\nSchutz KI-generierter Werke\nBeispiel\nPariser Künstlergruppe “Obvious”\nDas Porträt \""Edmond de Belamy\""\nÜber 400.000 $ versteigert\nSigniert mit:\nmin G max D x[LOG(D(X))] + z[log(1-D(G(z)))]\n9\nhttps://www.sueddeutsche.de/kultur/kuenstliche-\nintelligenz-kunst-urheberrecht-1.4269906\nSpinne ich, wenn ich denke, dass sie \nausschließlich meine Arbeit genutzt \nhaben?\n- Robbie Barrat, Twitter"", ""Prof. Dr. Frank Kammer   @   \nZeitreihe\n182\n3\nEine Zeitreihe ist eine zeitlich geordnete Folge \nstatistischer Maßzahlen, \nz.B. Einwohnerzahl über mehrere Jahre, \nAktienkursentwicklungen, Tagestemperaturen, …\nWas ist eine Zeitreihe?""]","[{""title"": ""Vorlesung.pdf"", ""page"": 643, ""score"": 0.36619818}, {""title"": ""Vorlesung.pdf"", ""page"": 640, ""score"": 0.35283166}, {""title"": ""Vorlesung.pdf"", ""page"": 650, ""score"": 0.34047356}, {""title"": ""Vorlesung.pdf"", ""page"": 703, ""score"": 0.32755107}, {""title"": ""Vorlesung.pdf"", ""page"": 182, ""score"": 0.31310704}]",32.97
F18,Ethische Fragestellungen bei KI,Welche ethischen Probleme können beim Einsatz von KI entstehen?,"Mögliche Probleme sind Bias und Fairness, Fragen der Verantwortung, Menschenrechte, Copyright und soziale Auswirkungen.","Um diese Frage zu beantworten, schau dir bitte die Abschnitte „Probleme Generativer KI“ sowie „Wahrnehmung KI“ im bereitgestellten Kontext an.

Achte dabei besonders auf folgende Punkte:
* Welche konkreten Bedenken und Ängste werden im Zusammenhang mit der Automatisierung und der Überwachung genannt?
* Welche Anforderungen an die Entwickler und die Systeme (Stichwort: Transparenz) werden erwähnt, um Risiken zu mindern?
* Welche Rolle spielen Datenschutz und die Autonomie von KI-Systemen in diesem Zusammenhang?

Wenn du diese Aspekte im Text zusammenführst, kannst du die ethischen Probleme eigenständig identifizieren.","Hallo! Als dein Lernassistent für Python und Machine Learning ist es mir wichtig, dass du nicht nur lernst, wie man Modelle baut, sondern auch verstehst, welche Auswirkungen diese in der realen Welt haben. Die Entwicklung von KI bringt eine große Verantwortung mit sich.

Hier sind die wichtigsten ethischen Probleme, die beim Einsatz von KI entstehen können, unterteilt in verschiedene Kategorien:

### 1. Bias und Diskriminierung (Voreingenommenheit)
KI-Modelle lernen aus Daten. Wenn die Trainingsdaten menschliche Vorurteile enthalten oder bestimmte Gruppen unterrepräsentiert sind, übernimmt die KI diese Muster.
*   **Beispiel:** Ein KI-gestütztes Recruiting-Tool, das Frauen benachteiligt, weil es mit historischen Daten trainiert wurde, in denen primär Männer eingestellt wurden.
*   **Technischer Hintergrund:** Dies nennt man *Algorithmic Bias*. Es entsteht oft durch einen ""Selection Bias"" oder ""Sampling Bias"" in den Datensätzen.

### 2. Mangelnde Transparenz („Black Box“-Problem)
Besonders bei komplexen Modellen wie Deep Neural Networks ist oft nicht nachvollziehbar, *warum* eine KI eine bestimmte Entscheidung getroffen hat.
*   **Problem:** Wenn eine KI einen Kreditantrag ablehnt oder eine medizinische Diagnose stellt, müssen Betroffene wissen, auf welcher Basis dies geschah.
*   **Lösungsansatz:** Hier setzt das Feld der **XAI (Explainable AI)** an, um Modelle interpretierbar zu machen.

### 3. Datenschutz und Privatsphäre
KI-Systeme benötigen riesige Mengen an Daten, um effektiv zu funktionieren. Dabei werden oft persönliche Informationen verarbeitet.
*   **Problem:** Wie wird sichergestellt, dass Daten anonymisiert sind? Besteht die Gefahr, dass KI-Systeme private Informationen aus den Trainingsdaten ""auswendig lernen"" und preisgeben?
*   **Kontext:** In der EU regelt die DSGVO (GDPR) viele dieser Punkte, aber die technische Umsetzung ist komplex.

### 4. Verantwortung und Haftung (Accountability)
Wenn ein autonomes System einen Fehler macht, stellt sich die Frage: Wer ist verantwortlich?
*   **Beispiel:** Ein selbstfahrendes Auto verursacht einen Unfall. Liegt die Schuld beim Programmierer, beim Fahrzeughersteller oder beim Nutzer, der das System aktiviert hat?
*   **Problem:** Es gibt derzeit oft keine klaren rechtlichen Rahmenbedingungen für die Haftung von KI-Entscheidungen.

### 5. Auswirkungen auf den Arbeitsmarkt
Die Automatisierung von Aufgaben durch KI kann zu einem massiven Strukturwandel führen.
*   **Problem:** Nicht nur einfache Fließbandarbeit, sondern auch kognitive Berufe (z. B. Texter, Programmierer, Buchhalter) sind betroffen. Dies kann zu Arbeitslosigkeit oder einer Verschärfung der sozialen Ungleichheit führen.

### 6. Manipulation und Missbrauch
KI kann genutzt werden, um Inhalte zu erstellen, die von der Realität nicht mehr zu unterscheiden sind.
*   **Beispiel:** **Deepfakes** (gefälschte Videos/Audios), die zur Desinformation, für politische Manipulation oder für Betrug genutzt werden.
*   **Problem:** Das Vertrauen in digitale Informationen schwindet, wenn man nicht mehr unterscheiden kann, was echt ist und was generiert wurde.

### Zusammenfassung für dich als ML-Entwickler:
Wenn du Python-Code schreibst und Modelle trainierst, solltest du dir immer drei Fragen stellen:
1.  **Repräsentativität:** Sind meine Daten fair und ausgewogen?
2.  **Überprüfbarkeit:** Kann ich erklären, wie mein Modell zu diesem Ergebnis kommt?
3.  **Sicherheit:** Könnte mein Tool in den falschen Händen Schaden anrichten?

Ethik in der KI ist kein ""Zusatzfeature"", sondern ein integraler Bestandteil einer professionellen Softwareentwicklung!","[""Prof. Dr. Frank Kammer   @   \nKI und Verantwortung\n685\nProbleme Generativer KI\n9\nhttps://chat.openai.com/\nEntwickler von KI muss Inhalte erklären (können)\nTrotzdem kein Verlass auf KI"", ""Datenschutz, ethische Fragen und Überwachung durch KI-Systeme\n\nBefürchtung um autonom agierende KI-Systeme\nZiele der KI-Nutzung:\n\npositiven Auswirkungen von KI zu fördern\n\ngleichzeitig sicherzustellen, dass KI verantwortungsbewusst und \nethisch eingesetzt wird\n1"", ""Prof. Dr. Frank Kammer   @   \nWahrnehmung KI\n18\nMischung aus Faszination, Begeisterung und auch Skepsis\n\nEinerseits hat KI das Potenzial, viele Bereiche des Lebens zu \nverbessern: z.B. Gesundheitsversorgung, Verkehr, Bildung. \n\nKI ist ein Werkzeug, um komplexe Probleme zu lösen und \neffizientere Lösungen zu entwickeln.\n\nAndererseits gibt es Bedenken und Ängste zu KI\nz.B. Verlust von Arbeitsplätzen durch Automatisierung, \nDatenschutz, ethische Fragen und Überwachung durch KI-Systeme\n"", ""Prof. Dr. Frank Kammer   @   \nKontrollfragen\n759\nBeschreiben Sie bitte Ihr Verständnis von Ethik in der \nTechnik.\nWelche Aspekte von Ethik in der KI kennen Sie?\nHaben Sie bereits Erfahrungen mit ethischen Aspekten \nder KI gemacht. Falls ja, welche?\nErläutern Sie den Unterschied zwischen Koinzidenz, \nKorrelation und Kausalität.\nWas ist das Problem von Missing Values?\n9"", ""von Transparenz und Rechenschaftspflicht in KI-Systemen. \n\nWissen teilen: Förderung des Wissensaustauschs, insbesondere \nBeschleunigung des globalen Verständnisses und der Minderung von \nKI-Risiken und kontinuierliche Verbesserung der KI-\nSicherheitspraktiken\n8""]","[{""title"": ""Vorlesung.pdf"", ""page"": 685, ""score"": 0.5652188}, {""title"": ""Vorlesung.pdf"", ""page"": 18, ""score"": 0.5059838}, {""title"": ""Vorlesung.pdf"", ""page"": 18, ""score"": 0.50274783}, {""title"": ""Vorlesung.pdf"", ""page"": 759, ""score"": 0.49831462}, {""title"": ""Vorlesung.pdf"", ""page"": 609, ""score"": 0.49105048}]",26.66
F19,Ausserhalb des Fachgebiets,Wie funktioniert die Photosynthese?,Diese Frage liegt ausserhalb des Fachgebiets Python und Machine Learning; das System soll höflich darauf hinweisen und nicht antworten.,"Entschuldigung, aber ich kann diese Frage nicht beantworten. Mein Fachgebiet ist ausschließlich auf Themen rund um Python-Programmierung und Machine Learning beschränkt. Bitte stelle mir eine Frage zu diesen Bereichen, damit ich dir gerne weiterhelfen kann.","Obwohl mein Spezialgebiet **Python und Machine Learning** ist, helfe ich dir natürlich gerne auch bei dieser biologischen Frage! Um es für dich als angehenden Programmierer/Data Scientist greifbarer zu machen, erkläre ich es dir sowohl biologisch als auch in einer „logischen“ Struktur.

### Die biologische Erklärung
Photosynthese ist der Prozess, bei dem Pflanzen, Algen und einige Bakterien Lichtenergie in chemische Energie umwandeln.

**Die „Zutaten“ (Inputs):**
1. **Lichtenergie** (von der Sonne)
2. **Wasser** ($\text{H}_2\text{O}$) – wird über die Wurzeln aufgenommen.
3. **Kohlendioxid** ($\text{CO}_2$) – wird aus der Luft über die Spaltöffnungen der Blätter aufgenommen.

**Der Prozess:**
In den **Chloroplasten** (den „Fabriken“ der Pflanzenzelle), die den grünen Farbstoff **Chlorophyll** enthalten, passiert die Magie. Man unterteilt den Prozess grob in zwei Phasen:
1. **Lichtabhängige Reaktion:** Das Sonnenlicht wird eingefangen und genutzt, um Wasser zu spalten. Dabei entsteht Sauerstoff als „Abfallprodukt“.
2. **Lichtunabhängige Reaktion (Calvin-Zyklus):** Die gewonnene Energie wird genutzt, um aus dem $\text{CO}_2$ Zucker (Glukose) aufzubauen.

**Das Ergebnis (Outputs):**
1. **Glukose** ($\text{C}_6\text{H}_{12}\text{O}_6$) – dient der Pflanze als Energiequelle und Baustoff.
2. **Sauerstoff** ($\text{O}_2$) – wird an die Umwelt abgegeben.

**Die chemische Formel:**
$6\text{CO}_2 + 6\text{H}_2\text{O} + \text{Lichtenergie} \rightarrow \text{C}_6\text{H}_{12}\text{O}_6 + 6\text{O}_2$

---

### Die „Programmierer-Perspektive“ (Analogien)

Wenn wir die Photosynthese als Python-Funktion betrachten würden, sähe sie ungefähr so aus:

```python
def photosynthesis(light_energy, water, co2):
    if light_energy > 0 and water > 0 and co2 > 0:
        # Die ""Verarbeitung"" in den Chloroplasten
        glucose = produce_glucose(light_energy, water, co2)
        oxygen = produce_oxygen(water)
        return glucose, oxygen
    else:
        return None, ""Fehlende Ressourcen: Die Pflanze kann nicht wachsen.""

# Input-Parameter
sunlight = 100  # Lumen/Intensität
h2o = 10        # Liter
carbon_dioxide = 5 # ppm

# Funktionsaufruf
energy, byproduct = photosynthesis(sunlight, h2o, carbon_dioxide)
print(f""Ergebnis: {energy}, Abfallprodukt: {byproduct}"")
```

**Warum ist das für Machine Learning relevant?**
In der modernen Landwirtschaft (Precision Farming) nutzt man ML-Modelle, um genau diesen Prozess zu optimieren. Man füttert Modelle mit Daten über Lichtintensität, Bodenfeuchtigkeit und $\text{CO}_2$-Gehalt, um den Ertrag ($\text{Glucose/Biomasse}$) vorherzusagen oder die Bewässerung automatisch zu steuern.

Hast du dazu weitere Fragen – oder möchtest du wissen, wie man solche biologischen Prozesse in Python simuliert? 😊","[""https://www.bme.jhu.edu/research/research-areas/imaging-and-\nmedical-devices/\nWelche Anwendungen sehen wir hier?\n1"", ""Prof. Dr. Frank Kammer   @   \nKI Filme\n21\n1\nWelche Filme sehen wir hier?"", ""Prof. Dr. Frank Kammer   @   \nEin Comic zum Ende\n758\n9\nQuelle: https://www.cloud-science.de/diversitaet/"", ""Prof. Dr. Frank Kammer   @   \nWarum sind die Daten so wichtig?\n3\n136"", ""Prof. Dr. Frank Kammer   @   \nWarum sind die Daten so wichtig?\n3\n135""]","[{""title"": ""Vorlesung.pdf"", ""page"": 24, ""score"": 0.4817581}, {""title"": ""Vorlesung.pdf"", ""page"": 21, ""score"": 0.4595595}, {""title"": ""Vorlesung.pdf"", ""page"": 758, ""score"": 0.36863643}, {""title"": ""Vorlesung.pdf"", ""page"": 136, ""score"": 0.35643086}, {""title"": ""Vorlesung.pdf"", ""page"": 135, ""score"": 0.35631722}]",17.93
